{"type":"FeatureCollection","name":"Cebu City Barangays","features":[{"type":"Feature","properties":{"BGY_NAME":"Adlaon","PCODE":"PH0702217001","DISTRICT":"Cebu City (Capital)"},"geometry":{"type":"Polygon","coordinates":[[[123.87330319600005,10.464770179000027],[123.88128531500001,10.459840232000033],[123.88131108000005,10.45966566800007],[123.88192809200007,10.459568387000047],[123.88294081900005,10.458832649000044],[123.88417603900007,10.45869058300002],[123.8847547900001,10.458877408000035],[123.8855948590001,10.458658799000034],[123.88585607300001,10.458095555000057],[123.8861200660001,10.45794352200005],[123.89513866300001,10.457614356000022],[123.88310790800006,10.439080898000043],[123.87993107000011,10.433937240000034],[123.87087259000009,10.428014426000061],[123.85532150000006,10.432903926000051],[123.85418307200007,10.438926000000038],[123.85753511700011,10.450837604000071],[123.87330319600005,10.464770179000027]]]}},{"type":"Feature","properties":{"BGY_NAME":"Agsungot","PCODE":"PH0702217002","DISTRICT":"Cebu City (Capital)"},"geometry":{"type":"Polygon","coordinates":[[[123.9047063270001,10.448864582000056],[123.9109175850001,10.44591207600007],[123.91377802700003,10.435547944000064],[123.91439826600003,10.43056957500005],[123.91176753500008,10.428967840000041],[123.90455661300007,10.429177023000022],[123.89889376800011,10.435198907000029],[123.89641606300006,10.443488203000072],[123.89662701100008,10.444713858000057],[123.9023175210001,10.449723774000063],[123.9047063270001,10.448864582000056]]]}},{"type":"Feature","properties":{"BGY_NAME":"Apas","PCODE":"PH0702217003","DISTRICT":"Cebu City (Capital)"},"geometry":{"type":"Polygon","coordinates":[[[123.90387771200005,10.347049656000024],[123.90440596400003,10.34644854100003],[123.90472473700004,10.345637948000046],[123.90541692900001,10.345428469000069],[123.90655995700001,10.344763600000022],[123.90694703800011,10.344312764000051],[123.90704722400005,10.34372531200006],[123.90730171700011,10.343763952000074],[123.90768100700006,10.343231333000062],[123.90873817500005,10.34299730400005],[123.90918202400007,10.342577665000022],[123.90939991300002,10.341601196000056],[123.90965815300001,10.34146400700007],[123.90987604200006,10.341576986000064],[123.91057813100008,10.34089910800003],[123.91173236700001,10.340192307000052],[123.91037842700007,10.332331062000037],[123.9096017490001,10.330043009000065],[123.90667550300009,10.332128260000047],[123.90485509200005,10.332942471000024],[123.90444212900002,10.331963604000066],[123.90039808800009,10.334770141000035],[123.89899728700004,10.335937475000037],[123.89773295100008,10.341440716000022],[123.89506841900004,10.344524369000055],[123.8957592480001,10.344850830000041],[123.8967279310001,10.343986572000063],[123.89787861000002,10.343552597000041],[123.89877287000002,10.345064601000047],[123.89867869800003,10.345331422000072],[123.89952137900002,10.346807026000022],[123.90232944400009,10.346933196000066],[123.9035999240001,10.347145287000046],[123.90387771200005,10.347049656000024]]]}},{"type":"Feature","properties":{"BGY_NAME":"Babag","PCODE":"PH0702217004","DISTRICT":"Cebu City (Capital)"},"geometry":{"type":"Polygon","coordinates":[[[123.8578026020001,10.389195464000068],[123.85792786400009,10.388746371000025],[123.85783654500005,10.388217248000046],[123.85701558900007,10.387558302000059],[123.85658586500006,10.386865039000043],[123.85712665100004,10.387027443000022],[123.85724819300003,10.386929269000063],[123.85714423600007,10.386444778000055],[123.85727937800004,10.386121790000061],[123.85898389800002,10.383401290000052],[123.86732446300005,10.365008253000042],[123.86778510700003,10.362345755000035],[123.87653608700009,10.360152342000049],[123.84823010200012,10.35413903500006],[123.84047077800005,10.366180751000059],[123.84184829900005,10.371109017000038],[123.8338726830001,10.38146406900006],[123.84502208900005,10.387036873000056],[123.85791023500008,10.389968585000076],[123.8578026020001,10.389195464000068]]]}},{"type":"Feature","properties":{"BGY_NAME":"Basak Pardo","PCODE":"PH0702217005","DISTRICT":"Cebu City (Capital)"},"geometry":{"type":"Polygon","coordinates":[[[123.86183246000007,10.293053894000025],[123.86326207100001,10.292597213000022],[123.86398470500001,10.292630880000047],[123.86479672500002,10.291226563000066],[123.86507677200007,10.290317406000042],[123.86489005500005,10.28966592100005],[123.86521420200006,10.289359243000035],[123.86540442000012,10.288860405000037],[123.8652899010001,10.288586724000027],[123.8658613120001,10.287508015000071],[123.86591927500001,10.286093243000039],[123.8656404510001,10.285789212000054],[123.86575095100011,10.284785290000059],[123.86588091500005,10.284721343000058],[123.86617290200002,10.283238293000068],[123.86674314000004,10.282735503000026],[123.86725491900006,10.281495508000035],[123.86673500800009,10.280954063000024],[123.8668765220001,10.280707951000068],[123.86678115400002,10.280357242000036],[123.86745180800006,10.279258969000068],[123.87005307900006,10.27720690800004],[123.87715005200005,10.28416164400005],[123.8778086320001,10.285038156000041],[123.88233010200008,10.280209060000061],[123.88151782500006,10.278689090000057],[123.87972711600003,10.27378982600004],[123.88029026700008,10.273153103000027],[123.88092132300005,10.27323053300006],[123.88142572400011,10.272706534000065],[123.88203114500004,10.272678602000042],[123.88239557300005,10.272280884000054],[123.88225830300007,10.272265278000077],[123.88247427100009,10.271685882000043],[123.8824119730001,10.271432782000034],[123.88142942200011,10.270413003000044],[123.88167032000001,10.269453386000066],[123.88109505500006,10.268757957000048],[123.87971966900011,10.26961781700004],[123.86651873900007,10.275541750000059],[123.86669545000007,10.27595774200006],[123.86725820400011,10.27637605600006],[123.86543373100005,10.277010009000037],[123.86482966800008,10.277518887000042],[123.86508227600007,10.278236441000047],[123.86491020900007,10.27839752500006],[123.86507129300003,10.27884782700005],[123.86493949700002,10.27886979300007],[123.86492302900001,10.279193705000068],[123.8639657550001,10.279420093000056],[123.86370625900008,10.279644716000064],[123.86302118000003,10.282769679000069],[123.86151837800003,10.284161080000047],[123.86105020600007,10.283974077000039],[123.86077381200005,10.28415295900004],[123.86059865200002,10.28455464600006],[123.85985097800005,10.284696656000051],[123.86003837700002,10.284920380000074],[123.85978832900003,10.285111347000054],[123.86107816700007,10.286542548000057],[123.86120179400007,10.287019577000024],[123.86139441000012,10.28711021600003],[123.86128655400012,10.287362469000072],[123.86089474500011,10.287198470000021],[123.86075104600002,10.287589058000037],[123.86150921600006,10.288866389000077],[123.86113453200005,10.28972027900005],[123.86078311300002,10.289605863000077],[123.86048890100005,10.290447635000021],[123.86103186000003,10.290701977000026],[123.86130499700005,10.291445890000034],[123.86090917000001,10.292875192000054],[123.86183246000007,10.293053894000025]]]}},{"type":"Feature","properties":{"BGY_NAME":"Bacayan","PCODE":"PH0702217006","DISTRICT":"Cebu City (Capital)"},"geometry":{"type":"Polygon","coordinates":[[[123.920267222,10.390321325000059],[123.92414590700002,10.389812731000063],[123.92413104600007,10.386647391000054],[123.92318373500007,10.383342048000031],[123.92388485700008,10.383084539000038],[123.92393663300004,10.382549186000062],[123.92462193100005,10.380851431000053],[123.924175106,10.379677665000031],[123.92420527800004,10.378068634000044],[123.92475339400005,10.377610659000027],[123.92538604700007,10.377359618000071],[123.92554316400003,10.375243151000063],[123.92625543800011,10.37455271500005],[123.926634766,10.37375417900006],[123.92538012200009,10.373059183000066],[123.92420357000003,10.372121352000022],[123.92366929100001,10.373047816000053],[123.92356698200001,10.373587779000047],[123.92369771000006,10.373849235000023],[123.92324308500008,10.37463914600005],[123.9228280850001,10.375173565000068],[123.92181585700007,10.375767091000057],[123.92115020300002,10.377116381000064],[123.92117406800003,10.378365282000061],[123.92066496100006,10.379908510000064],[123.9199251660001,10.380139199000041],[123.91894672800004,10.380171018000055],[123.91762623300008,10.379900556000052],[123.9168466640001,10.380147154000042],[123.91625005500009,10.381268779000038],[123.9162659650001,10.381690382000045],[123.91558185300005,10.382525635000036],[123.91533525500006,10.383169973000065],[123.91504888300005,10.385938238000051],[123.91528752600004,10.386479164000036],[123.91535116500006,10.387147366000022],[123.91555798900004,10.387417828000025],[123.91673529700006,10.388658775000067],[123.91761032400007,10.389295158000039],[123.91822284200009,10.389151972000036],[123.91876376800008,10.389454253000054],[123.91976607100003,10.389382660000024],[123.92002857900002,10.389494027000069],[123.920267222,10.390321325000059]]]}},{"type":"Feature","properties":{"BGY_NAME":"Banilad","PCODE":"PH0702217007","DISTRICT":"Cebu City (Capital)"},"geometry":{"type":"Polygon","coordinates":[[[123.90061358000003,10.361546450000048],[123.90301098400005,10.357083997000075],[123.90389659700008,10.355751454000028],[123.90554648000011,10.354190274000075],[123.90887256500002,10.351673878000042],[123.91313052600003,10.35063391500006],[123.91547534800009,10.350275815000032],[123.91530452400002,10.348167595000064],[123.914765224,10.34632270800006],[123.91442131500003,10.345702457000073],[123.91370046600002,10.342336373000023],[123.9129345670001,10.339720890000024],[123.91160301900004,10.340261579000071],[123.91057813100008,10.34089910800003],[123.90987604200006,10.341576986000064],[123.90965815300001,10.34146400700007],[123.90939991300002,10.341601196000056],[123.90925465400005,10.341996626000025],[123.90935149300003,10.342238725000072],[123.90873817500005,10.34299730400005],[123.90768100700006,10.343231333000062],[123.90730171700011,10.343763952000074],[123.90704722400005,10.34372531200006],[123.90694703800011,10.344312764000051],[123.90655995700001,10.344763600000022],[123.90541692900001,10.345428469000069],[123.90472473700004,10.345637948000046],[123.90440596400003,10.34644854100003],[123.90403254400007,10.346726329000035],[123.904014329,10.346935808000069],[123.9035999240001,10.347145287000046],[123.90351569100005,10.347526327000026],[123.90321832000006,10.347691532000056],[123.9032954160001,10.34870479400007],[123.90300906000004,10.349354603000052],[123.90196275700009,10.349949343000048],[123.90172045600002,10.350246713000047],[123.9018966750001,10.351215920000072],[123.90120281100008,10.351777619000075],[123.90064111200002,10.352956086000063],[123.90004637200002,10.353694005000023],[123.8999252210001,10.353980361000026],[123.90010144000007,10.354916527000057],[123.89944256800004,10.35587812700004],[123.89851301800002,10.356427715000052],[123.89663356300002,10.35848358100003],[123.89642322700001,10.358951749000028],[123.8954529670001,10.359901654000055],[123.89418416500007,10.360539447000065],[123.89387883900008,10.360471597000071],[123.89296964400012,10.360810848000028],[123.89239970100004,10.36061408200004],[123.89137516000005,10.361102605000042],[123.88984630200002,10.365305228000068],[123.89787654300005,10.36618237600004],[123.90061358000003,10.361546450000048]]]}},{"type":"Feature","properties":{"BGY_NAME":"Basak San Nicolas","PCODE":"PH0702217008","DISTRICT":"Cebu City (Capital)"},"geometry":{"type":"Polygon","coordinates":[[[123.86665481800003,10.292540125000073],[123.86706082800004,10.292683423000028],[123.86972138800002,10.291947828000048],[123.87439831900008,10.292796131000046],[123.87428780700009,10.290108841000063],[123.87417598900004,10.290085661000035],[123.8747067160001,10.287865039000053],[123.87464122500012,10.287392562000036],[123.87531709300004,10.286100084000054],[123.87715005200005,10.28416164400005],[123.87005307900006,10.27720690800004],[123.86745180800006,10.279258969000068],[123.86678115400002,10.280357242000036],[123.8668765220001,10.280707951000068],[123.86673500800009,10.280954063000024],[123.86725491900006,10.281495508000035],[123.86674314000004,10.282735503000026],[123.86610847500003,10.283381874000042],[123.86565637700005,10.285317841000051],[123.86574972500011,10.285644827000056],[123.8656437730001,10.285803144000056],[123.86591927500001,10.286093243000039],[123.86582179200002,10.287714039000036],[123.8652899010001,10.288586724000027],[123.86540442000012,10.288860405000037],[123.86521420200006,10.289359243000035],[123.86489005500005,10.28966592100005],[123.86507677200007,10.290317406000042],[123.86479672500002,10.291226563000066],[123.86398470500001,10.292630880000047],[123.86648763700009,10.292898369000056],[123.86665481800003,10.292540125000073]]]}},{"type":"Feature","properties":{"BGY_NAME":"Binaliw","PCODE":"PH0702217010","DISTRICT":"Cebu City (Capital)"},"geometry":{"type":"Polygon","coordinates":[[[123.92306088900011,10.435000130000049],[123.92432039100004,10.428897136000046],[123.92341573400006,10.410396202000072],[123.92070321500012,10.409677222000028],[123.91801841800009,10.408499597000059],[123.91703977800012,10.40862721800005],[123.91621413600001,10.407471839000038],[123.91618621100008,10.406901143000027],[123.9160513060001,10.406796554000039],[123.91542831800007,10.407637815000044],[123.91531245300007,10.408695069000032],[123.91490542200006,10.408622991000072],[123.91462363800008,10.408034327000053],[123.91396203200009,10.40814845400007],[123.90500698000005,10.412549093000052],[123.90592592200005,10.41387331900006],[123.90590660900011,10.415064295000036],[123.90617055500002,10.415933385000073],[123.90585510800008,10.424315276000073],[123.90455661300007,10.429177023000022],[123.91176753500008,10.428967840000041],[123.91439826600003,10.43056957500005],[123.91377802700003,10.435547944000064],[123.91919609400009,10.436694092000039],[123.92330781400005,10.437007509000068],[123.92306088900011,10.435000130000049]]]}},{"type":"Feature","properties":{"BGY_NAME":"Bonbon","PCODE":"PH0702217011","DISTRICT":"Cebu City (Capital)"},"geometry":{"type":"Polygon","coordinates":[[[123.8338726830001,10.38146406900006],[123.84184829900005,10.371109017000038],[123.84047077800005,10.366180751000059],[123.835526705,10.364799797000046],[123.82750599600001,10.358471645000066],[123.82259448800005,10.356478911000067],[123.82066358800012,10.358834064000064],[123.80167723800002,10.349781214000075],[123.80009824000001,10.349801220000074],[123.79949790700005,10.356454528000029],[123.80296139900008,10.363023230000067],[123.80339788800006,10.365129705000072],[123.81140121500005,10.373780238000052],[123.8067698750001,10.378081008000038],[123.80615635800007,10.378497183000036],[123.82529030500007,10.380694382000058],[123.8338726830001,10.38146406900006]]]}},{"type":"Feature","properties":{"BGY_NAME":"Budla-An (Pob.)","PCODE":"PH0702217013","DISTRICT":"Cebu City (Capital)"},"geometry":{"type":"Polygon","coordinates":[[[123.89319931500006,10.396435429000064],[123.89614592500004,10.39588982500004],[123.89421403400002,10.386507831000074],[123.9049144060001,10.372767244000045],[123.90715860000012,10.369093888000066],[123.90716131900001,10.368371698000033],[123.90757706500005,10.368286010000077],[123.90762784300011,10.367600505000041],[123.90817561600011,10.366993257000047],[123.90751722800007,10.363793905000023],[123.90691148200006,10.36223588100006],[123.90661092100004,10.358217409000076],[123.90531585100007,10.357543263000025],[123.90389659700008,10.355751454000028],[123.90301098400005,10.357083997000075],[123.90061358000003,10.361546450000048],[123.89787654300005,10.36618237600004],[123.88984630200002,10.365305228000068],[123.88236098800007,10.376084422000076],[123.88025508700002,10.378156269000044],[123.88359484600005,10.381589936000069],[123.886971861,10.385541111000066],[123.89215407500001,10.393136096000035],[123.89319931500006,10.396435429000064]]]}},{"type":"Feature","properties":{"BGY_NAME":"Buhisan","PCODE":"PH0702217014","DISTRICT":"Cebu City (Capital)"},"geometry":{"type":"Polygon","coordinates":[[[123.85423450000008,10.336747930000058],[123.85710695500006,10.331891298000073],[123.85715495400007,10.331525744000032],[123.85816833900003,10.330247893000035],[123.85839409700009,10.329439670000056],[123.85860182900001,10.32933588800006],[123.86156559300002,10.324278149000065],[123.86024001800001,10.32140694900005],[123.85706700200001,10.316580302000034],[123.85353184500002,10.31344660800005],[123.85625757200012,10.308771764000028],[123.8585790520001,10.30671112400006],[123.86059946900002,10.30382039400007],[123.86294726300002,10.301648285000056],[123.86391435600001,10.298744966000072],[123.85899359900009,10.296284852000042],[123.85342258300011,10.294238963000055],[123.85200482900007,10.293130861000066],[123.84256370300011,10.306891028000052],[123.84167173000003,10.315267423000023],[123.83803207000005,10.324643321000053],[123.85423450000008,10.336747930000058]]]}},{"type":"Feature","properties":{"BGY_NAME":"Bulacao","PCODE":"PH0702217015","DISTRICT":"Cebu City (Capital)"},"geometry":{"type":"Polygon","coordinates":[[[123.83473497500006,10.302377395000065],[123.8389009340001,10.294677917000058],[123.84367690600004,10.290064220000033],[123.8459808990001,10.289171272000033],[123.84850588000006,10.285946488000036],[123.85087186100009,10.282420725000065],[123.85147388900009,10.280925503000049],[123.85403802600001,10.277429269000038],[123.85455142300009,10.275853010000048],[123.85544021900012,10.274315414000057],[123.85489609800004,10.273581901000057],[123.85308653100003,10.27008973900007],[123.85171701900003,10.26826705600007],[123.85042614500003,10.268889845000047],[123.8494183580001,10.269739104000053],[123.84784439900011,10.270146748000059],[123.84707440400007,10.272411439000052],[123.84767454700011,10.272660554000026],[123.84768189400006,10.273795126000039],[123.84688290200006,10.274497389000032],[123.84660160400006,10.275722599000062],[123.84634531000006,10.275991395000062],[123.84556392500008,10.276210183000046],[123.8454201510001,10.276872797000067],[123.84447623800008,10.278391808000038],[123.84338230000003,10.279079426000067],[123.84210708100011,10.280617190000044],[123.84170701300002,10.280848480000031],[123.84130069300011,10.280860982000036],[123.84061307500008,10.280423407000058],[123.8385127140001,10.280973501000062],[123.83798137200006,10.281429830000036],[123.83774383100001,10.282242470000028],[123.83748753700002,10.282273725000039],[123.83708746900004,10.281898660000024],[123.8365811320001,10.281798643000059],[123.83637484600001,10.281898660000024],[123.83596227500004,10.283405169000048],[123.83540593000009,10.284199056000034],[123.83519339300005,10.284274069000048],[123.8302957840001,10.284597957000074],[123.8285765710001,10.292980735000071],[123.82607596300011,10.296547841000063],[123.82529932200009,10.298974650000048],[123.83473497500006,10.302377395000065]]]}},{"type":"Feature","properties":{"BGY_NAME":"Buot-Taup Pardo","PCODE":"PH0702217016","DISTRICT":"Cebu City (Capital)"},"geometry":{"type":"Polygon","coordinates":[[[123.82066358800012,10.358834064000064],[123.82259448800005,10.356478911000067],[123.81754547700007,10.340034897000066],[123.8210101300001,10.332486343000028],[123.81647217500006,10.328072054000074],[123.81592383400005,10.32936311700007],[123.81551000400009,10.32954283500004],[123.81506672700004,10.329348862000074],[123.8145400300001,10.328769524000052],[123.81437831800008,10.327673244000039],[123.81406308300006,10.327510895000046],[123.81369663700002,10.327502855000034],[123.81246326000007,10.328901178000024],[123.81181952500003,10.329259957000033],[123.8110292450001,10.329213958000025],[123.8102151490001,10.328888016000064],[123.8099181130001,10.328581792000023],[123.80975495200005,10.327656594000075],[123.80957555000009,10.327418687000034],[123.80927209100003,10.327288281000051],[123.80864228300004,10.327710459000059],[123.80825152200009,10.328375660000063],[123.80833451500007,10.32914773400006],[123.80858883000008,10.329689062000057],[123.80924385100002,10.330184986000063],[123.8093956570001,10.330548219000036],[123.8085576420001,10.331294153000044],[123.80780546800008,10.33132312400005],[123.80669772100009,10.331799378000028],[123.80647733600006,10.332222331000025],[123.80821753100008,10.333920233000072],[123.80842934400005,10.335207569000033],[123.80809716800002,10.335468676000062],[123.80743491800001,10.335529017000056],[123.80712641000002,10.335210708000034],[123.80718342400007,10.334013592000076],[123.8069728690001,10.33336679200005],[123.80619824400003,10.333448292000071],[123.80503209100004,10.334623066000063],[123.80411181700003,10.334714685000051],[123.80371805000004,10.334499705000042],[123.8035314760001,10.33418531500007],[123.80357592700011,10.333883339000067],[123.80398436100006,10.333256620000043],[123.8035040640001,10.332588551000072],[123.80307556200012,10.332551633000037],[123.8026828730001,10.332683384000063],[123.8018943840001,10.333910977000073],[123.80183131100011,10.334498385000074],[123.80252291700003,10.336493716000064],[123.80234850000011,10.336644379000063],[123.80198237900004,10.336783209000032],[123.80119089800007,10.336467475000063],[123.79983037400007,10.336619668000026],[123.79932025700009,10.33598014100005],[123.79810739300001,10.335502678000068],[123.79399032600008,10.337305671000024],[123.79338149600005,10.33798024600003],[123.7930457870001,10.338112871000021],[123.79161265300002,10.337990839000042],[123.79132537700002,10.338599335000026],[123.79218070400009,10.341048776000036],[123.80009824000001,10.349801220000074],[123.80167723800002,10.349781214000075],[123.82066358800012,10.358834064000064]]]}},{"type":"Feature","properties":{"BGY_NAME":"Busay (Pob.)","PCODE":"PH0702217017","DISTRICT":"Cebu City (Capital)"},"geometry":{"type":"Polygon","coordinates":[[[123.87373982700001,10.378408037000042],[123.88025508700002,10.378156269000044],[123.88236098800007,10.376084422000076],[123.88984630200002,10.365305228000068],[123.89137516000005,10.361102605000042],[123.89239970100004,10.36061408200004],[123.89296964400012,10.360810848000028],[123.89387883900008,10.360471597000071],[123.89418416500007,10.360539447000065],[123.8954529670001,10.359901654000055],[123.89642322700001,10.358951749000028],[123.89663356300002,10.35848358100003],[123.89851301800002,10.356427715000052],[123.89944256800004,10.35587812700004],[123.90010144000007,10.354916527000057],[123.8999252210001,10.353980361000026],[123.90004637200002,10.353694005000023],[123.90064111200002,10.352956086000063],[123.90120281100008,10.351777619000075],[123.9018966750001,10.351215920000072],[123.90172045600002,10.350246713000047],[123.90196275700009,10.349949343000048],[123.90300906000004,10.349354603000052],[123.9032954160001,10.34870479400007],[123.90321832000006,10.347691532000056],[123.90351569100005,10.347526327000026],[123.9035999240001,10.347145287000046],[123.90232944400009,10.346933196000066],[123.89952137900002,10.346807026000022],[123.89867869800003,10.345331422000072],[123.89877287000002,10.345064601000047],[123.89787861000002,10.343552597000041],[123.8967279310001,10.343986572000063],[123.8957592480001,10.344850830000041],[123.893765658,10.343891601000053],[123.89342900800011,10.345614927000042],[123.89266225600011,10.345221854000044],[123.89265617000001,10.345021002000067],[123.89306396000006,10.344832323000048],[123.89305787400008,10.344558434000021],[123.89170668800011,10.344108038000059],[123.89089110700002,10.343402013000059],[123.89014856400001,10.343468964000067],[123.88881838500004,10.342505608000067],[123.88871878500004,10.342718089000073],[123.87683909700002,10.341510067000058],[123.87653608700009,10.360152342000049],[123.86778510700003,10.362345755000035],[123.86732446300005,10.365008253000042],[123.86385314600011,10.372660908000057],[123.87003248500002,10.376262902000065],[123.87071264400004,10.376744681000048],[123.8713361230001,10.377906619000044],[123.87373982700001,10.378408037000042]]]}},{"type":"Feature","properties":{"BGY_NAME":"Calamba","PCODE":"PH0702217018","DISTRICT":"Cebu City (Capital)"},"geometry":{"type":"Polygon","coordinates":[[[123.88663141800009,10.30792378700005],[123.88855757400006,10.30806709500007],[123.88838739100004,10.307380497000054],[123.88787097600004,10.307362891000025],[123.88797660600005,10.30645329600003],[123.88733695500002,10.306065984000043],[123.88684401300009,10.305303097000035],[123.88705527400009,10.30517399300004],[123.88773013500008,10.305238545000066],[123.88828176100003,10.30445218500006],[123.88771839800006,10.30417050400007],[123.88799421100009,10.303483906000054],[123.88787097600004,10.30337240700004],[123.88719611400006,10.303436959000067],[123.88704291800002,10.303149444000042],[123.88714948200004,10.30276079600003],[123.88770111200006,10.30221543600004],[123.88699277,10.301632464000022],[123.88701784400007,10.301350381000077],[123.88733126900001,10.301137251000057],[123.8869426220001,10.300610696000035],[123.88719336200006,10.300021456000025],[123.8876823060001,10.29976444700003],[123.88786409300008,10.299338188000036],[123.8888884380001,10.298335038000062],[123.88957180000011,10.297364088000052],[123.88831760200003,10.297240733000024],[123.88506568900004,10.298050744000022],[123.88413936200004,10.304016274000048],[123.8834026180001,10.305729189000033],[123.88344902900008,10.306113277000065],[123.8832363360001,10.306680966000044],[123.88278604300001,10.307155755000053],[123.8827819070001,10.307648246000042],[123.88660385600008,10.308563028000037],[123.88663141800009,10.30792378700005]]]}},{"type":"Feature","properties":{"BGY_NAME":"Cambinocot","PCODE":"PH0702217019","DISTRICT":"Cebu City (Capital)"},"geometry":{"type":"Polygon","coordinates":[[[123.90775803600002,10.468093010000075],[123.90916858500009,10.46659356300006],[123.90752470300004,10.462859409000032],[123.90622391600004,10.453346191000037],[123.90544432700005,10.450060354000072],[123.9047063270001,10.448864582000056],[123.9023175210001,10.449723774000063],[123.89513866300001,10.457614356000022],[123.8861200660001,10.45794352200005],[123.88585607300001,10.458095555000057],[123.8855948590001,10.458658799000034],[123.8847547900001,10.458877408000035],[123.88417603900007,10.45869058300002],[123.88276937800003,10.458967201000064],[123.89173309300008,10.474446125000043],[123.90459105800005,10.480714496000076],[123.90775803600002,10.468093010000075]]]}},{"type":"Feature","properties":{"BGY_NAME":"Capitol Site (Pob.)","PCODE":"PH0702217020","DISTRICT":"Cebu City (Capital)"},"geometry":{"type":"Polygon","coordinates":[[[123.8905681230001,10.325007538000023],[123.89093076600011,10.324914834000026],[123.8907570130001,10.324413535000076],[123.89102827500005,10.323479728000052],[123.89169120800011,10.322253206000028],[123.89206081100008,10.32095346400007],[123.89270899900009,10.31979324200006],[123.89262281300012,10.319393762000061],[123.89294677900011,10.318406437000021],[123.89289278500007,10.31815189200006],[123.89500279200001,10.312474283000029],[123.89546137400009,10.310245574000021],[123.88961219400005,10.308231250000063],[123.88855757400006,10.30806709500007],[123.88871601900007,10.308700878000025],[123.88903877900009,10.309099926000044],[123.88891554400004,10.310919118000072],[123.88953172100003,10.311910870000077],[123.88933806500006,10.31334275000006],[123.88901530600003,10.31402348000006],[123.88853410000002,10.314510554000037],[123.88915614600012,10.315120863000061],[123.88891554400004,10.31624172000005],[123.88836978600011,10.317215868000062],[123.88889793800001,10.318553854000072],[123.88974885100004,10.319651237000073],[123.88907398900005,10.320801436000067],[123.88997771700008,10.321904687000028],[123.88998945300011,10.322567812000045],[123.88932046000002,10.323794299000042],[123.88918548800007,10.32468042100004],[123.8905681230001,10.325007538000023]]]}},{"type":"Feature","properties":{"BGY_NAME":"Carreta","PCODE":"PH0702217021","DISTRICT":"Cebu City (Capital)"},"geometry":{"type":"Polygon","coordinates":[[[123.91459787300005,10.31259938200003],[123.91542224900002,10.311660356000061],[123.91625817200008,10.312344935000056],[123.92048926100006,10.307311215000027],[123.92079874500007,10.306734322000068],[123.91610983600003,10.302942235000046],[123.91587948000006,10.303121728000065],[123.91429223500006,10.30181121000004],[123.90989098500006,10.307137415000057],[123.90969296300011,10.306618596000021],[123.90682994300005,10.308093566000025],[123.90870528900007,10.31072215000006],[123.9098731250001,10.311866477000024],[123.91071079900007,10.311327576000053],[123.91155041600007,10.310111716000051],[123.91285340500008,10.310812717000033],[123.91459787300005,10.31259938200003]]]}},{"type":"Feature","properties":{"BGY_NAME":"Central (Pob.)","PCODE":"PH0702217022","DISTRICT":"Cebu City (Capital)"},"geometry":{"type":"Polygon","coordinates":[[[123.90213797400008,10.29742092400005],[123.9038120670001,10.297623386000055],[123.90379558900008,10.296720049000044],[123.90367221400004,10.295656198000074],[123.90198928900008,10.291958297000065],[123.90152475500008,10.290514600000051],[123.90034307000008,10.29144672800004],[123.90016587700006,10.292143582000051],[123.89963300600004,10.291992988000061],[123.89938406500005,10.292080873000032],[123.89998803300011,10.294208318000074],[123.89907460900008,10.294300816000032],[123.89777594600002,10.294891992000032],[123.8982374740001,10.296184269000037],[123.90024166600006,10.297439474000043],[123.90211057200008,10.29776688000004],[123.90213797400008,10.29742092400005]]]}},{"type":"Feature","properties":{"BGY_NAME":"Cogon Ramos (Pob.)","PCODE":"PH0702217023","DISTRICT":"Cebu City (Capital)"},"geometry":{"type":"Polygon","coordinates":[[[123.8998547870001,10.311523585000032],[123.89957940800002,10.30983085300005],[123.89973702900011,10.306648869000071],[123.90014009000004,10.30340232900005],[123.8983122410001,10.302967059000025],[123.89828156200008,10.30470052100003],[123.89496075300008,10.309087978000036],[123.89551043900008,10.309389401000033],[123.89546137400009,10.310245574000021],[123.89821508700004,10.311217472000067],[123.8998547870001,10.311523585000032]]]}},{"type":"Feature","properties":{"BGY_NAME":"Cogon Pardo","PCODE":"PH0702217024","DISTRICT":"Cebu City (Capital)"},"geometry":{"type":"Polygon","coordinates":[[[123.85796237000011,10.281190697000056],[123.8596901630001,10.280579259000035],[123.86297451000007,10.278513738000072],[123.86651873900007,10.275541750000059],[123.87971966900011,10.26961781700004],[123.88109505500006,10.268757957000048],[123.87758085000007,10.264696138000033],[123.87477956100008,10.266879695000057],[123.87029899800007,10.270766679000076],[123.86635179300004,10.272754336000048],[123.86303534600006,10.26961811700005],[123.86195472100007,10.270288007000033],[123.8613386180001,10.270038632000023],[123.86040036200006,10.27045640600005],[123.85973818700006,10.27096608100004],[123.85941803700007,10.27096153900004],[123.85935530300003,10.27119940800003],[123.8587669960001,10.27159615100004],[123.85842583500005,10.272624088000043],[123.8578180290001,10.272786647000032],[123.85717747800004,10.27335385300006],[123.85679672900005,10.273435440000071],[123.85796237000011,10.281190697000056]]]}},{"type":"Feature","properties":{"BGY_NAME":"Day-As","PCODE":"PH0702217025","DISTRICT":"Cebu City (Capital)"},"geometry":{"type":"Polygon","coordinates":[[[123.90356533700003,10.30400714700005],[123.9037083500001,10.303074839000033],[123.90409194300003,10.302725770000052],[123.9036431400001,10.300903706000042],[123.9038266550001,10.300284488000045],[123.90246197900001,10.300387268000065],[123.90154593700004,10.30014324900003],[123.90014009000004,10.30340232900005],[123.90183589800006,10.303749033000031],[123.90198911800007,10.302516249000064],[123.90226060100008,10.302046596000025],[123.90356533700003,10.30400714700005]]]}},{"type":"Feature","properties":{"BGY_NAME":"Duljo (Pob.)","PCODE":"PH0702217027","DISTRICT":"Cebu City (Capital)"},"geometry":{"type":"Polygon","coordinates":[[[123.88601518200005,10.296431507000023],[123.88643057400009,10.29634760600004],[123.88717061900002,10.292181678000077],[123.88675950400011,10.290170991000025],[123.88536567200003,10.289332665000074],[123.88466041000004,10.289924343000052],[123.8835367260001,10.289933947000065],[123.88245626000003,10.290697476000048],[123.88113088800003,10.290884757000072],[123.88084678100006,10.291653685000028],[123.88022670600003,10.291969753000046],[123.880069391,10.292263276000028],[123.88018692100002,10.293269044000056],[123.88447237500009,10.296166198000037],[123.8858831770001,10.296787541000072],[123.88601518200005,10.296431507000023]]]}},{"type":"Feature","properties":{"BGY_NAME":"Ermita (Pob.)","PCODE":"PH0702217028","DISTRICT":"Cebu City (Capital)"},"geometry":{"type":"MultiPolygon","coordinates":[[[[123.90447998000002,10.274475098000039],[123.90429687500011,10.271484375000057],[123.90332031300011,10.272094727000024],[123.90332031300011,10.273498535000044],[123.90368652300003,10.274719238000046],[123.9041137690001,10.274719238000046],[123.90447998000002,10.274475098000039]]],[[[123.90588378900009,10.276306152000075],[123.90527343700012,10.276306152000075],[123.90472412100007,10.276672363000046],[123.90429687500011,10.277526856000065],[123.90429687500011,10.279907227000024],[123.90490722700008,10.280700684000067],[123.90551757800006,10.280883790000075],[123.90631103500004,10.280517579000048],[123.90667724600007,10.279724121000072],[123.90649414100005,10.277709961000028],[123.90612793000003,10.276489258000026],[123.90588378900009,10.276306152000075]]],[[[123.89998803300011,10.294208318000074],[123.89938406500005,10.292080873000032],[123.89963300600004,10.291992988000061],[123.90016587700006,10.292143582000051],[123.90034307000008,10.29144672800004],[123.90152475500008,10.290514600000051],[123.90104018000011,10.290306753000038],[123.90069523800003,10.28984885500006],[123.90040131800004,10.289718309000023],[123.89979852900001,10.290035610000075],[123.89932703000011,10.289901043000043],[123.89900918800004,10.29024400700007],[123.89876326500007,10.28987462400005],[123.89853016500001,10.289840818000073],[123.89859032400011,10.289615052000045],[123.89828085600004,10.289447583000026],[123.89822634100005,10.289699163000023],[123.89810946500006,10.28965013100003],[123.89814657400007,10.289370291000068],[123.89749958700008,10.288919074000034],[123.8970118740001,10.288647527000023],[123.89641936900011,10.288605070000074],[123.89644844800011,10.289197886000068],[123.89617623700008,10.290215235000062],[123.89510058200005,10.293075272000067],[123.89785484100003,10.293620560000022],[123.89907460900008,10.294300816000032],[123.89998803300011,10.294208318000074]]]]}},{"type":"Feature","properties":{"BGY_NAME":"Guadalupe","PCODE":"PH0702217029","DISTRICT":"Cebu City (Capital)"},"geometry":{"type":"Polygon","coordinates":[[[123.87516842100001,10.33272346700005],[123.87659679300009,10.331572084000072],[123.87719557700007,10.331269994000024],[123.87730346600006,10.331901145000074],[123.8779287640001,10.332246789000067],[123.8803523690001,10.33220030800004],[123.88105621000011,10.332426069000064],[123.88355285500006,10.330580147000035],[123.88418365600012,10.330487185000038],[123.88493397700006,10.328946702000053],[123.88547845800008,10.329046302000052],[123.88591674400004,10.328872225000055],[123.88656820000006,10.328142754000055],[123.88630999200006,10.327420945000028],[123.88643322700011,10.327291841000033],[123.88767732000008,10.32717447400006],[123.88809397300008,10.326869320000071],[123.88854583700004,10.325484387000074],[123.88918548800007,10.32468042100004],[123.88932046000002,10.323794299000042],[123.88998945300011,10.322567812000045],[123.88997771700008,10.321904687000028],[123.88907398900005,10.320801436000067],[123.88974885100004,10.319651237000073],[123.88889793800001,10.318553854000072],[123.88836978600011,10.317215868000062],[123.88891554400004,10.31624172000005],[123.88915614600012,10.315120863000061],[123.88853410000002,10.314510554000037],[123.88901530600003,10.31402348000006],[123.88933806500006,10.31334275000006],[123.88953172100003,10.311910870000077],[123.88891554400004,10.310919118000072],[123.88903877900009,10.309099926000044],[123.88871601900007,10.308700878000025],[123.88855757400006,10.30806709500007],[123.88663141800009,10.30792378700005],[123.88660385600008,10.308563028000037],[123.8827819070001,10.307648246000042],[123.87971789100004,10.30726592600007],[123.8793082630001,10.307014688000038],[123.87910071800002,10.30651767300003],[123.87787144800006,10.306555626000033],[123.87730768100005,10.30700104400006],[123.87728520900009,10.307387666000068],[123.87686016400005,10.307420302000025],[123.87678847300003,10.307922102000077],[123.87495560700006,10.308127486000046],[123.87319193700012,10.307686568000065],[123.87290642800008,10.307376802000022],[123.87297891200001,10.307148201000075],[123.87257189000002,10.307103596000047],[123.87149579200002,10.306473549000032],[123.8712226350001,10.306730390000041],[123.87078561100009,10.306608744000073],[123.87071803000003,10.306347431000063],[123.8696756170001,10.306918949000021],[123.86960978400009,10.307391753000047],[123.86990017200003,10.307894696000062],[123.86985037200009,10.308981361000065],[123.8692001180001,10.309166024000035],[123.86890955400008,10.309558655000046],[123.86770726500004,10.309122153000033],[123.8676257410001,10.309547272000032],[123.86703241100008,10.309442276000027],[123.86672953400011,10.310234054000034],[123.86238678100005,10.31030422200007],[123.8618659010001,10.311271761000057],[123.86027343400008,10.31319729200004],[123.85706700200001,10.316580302000034],[123.86024001800001,10.32140694900005],[123.86156559300002,10.324278149000065],[123.87244140900009,10.330595746000029],[123.87405360100001,10.331605430000025],[123.87516842100001,10.33272346700005]]]}},{"type":"Feature","properties":{"BGY_NAME":"Guba","PCODE":"PH0702217030","DISTRICT":"Cebu City (Capital)"},"geometry":{"type":"Polygon","coordinates":[[[123.89513866300001,10.457614356000022],[123.9023175210001,10.449723774000063],[123.89662701100008,10.444713858000057],[123.89641606300006,10.443488203000072],[123.89889376800011,10.435198907000029],[123.90460972700009,10.429070380000041],[123.90585510800008,10.424315276000073],[123.90617055500002,10.415933385000073],[123.90590660900011,10.415064295000036],[123.90592592200005,10.41387331900006],[123.90142432500011,10.407963198000061],[123.89919768000004,10.401091215000065],[123.89674514300009,10.400757958000042],[123.89663946900009,10.40479689500006],[123.89525153700004,10.411338458000046],[123.88517024200007,10.416014243000063],[123.87248392600009,10.425304532000041],[123.86775838300002,10.424175300000059],[123.87087259000009,10.428014426000061],[123.87993107000011,10.433937240000034],[123.88310790800006,10.439080898000043],[123.89513866300001,10.457614356000022]]]}},{"type":"Feature","properties":{"BGY_NAME":"Hippodromo","PCODE":"PH0702217031","DISTRICT":"Cebu City (Capital)"},"geometry":{"type":"Polygon","coordinates":[[[123.90847765300009,10.318680117000042],[123.90936650700007,10.317627995000066],[123.90955609900004,10.316726238000058],[123.90983065900002,10.314288482000052],[123.90943900200011,10.313545313000077],[123.90952379200007,10.313284160000023],[123.90932368800009,10.312429481000038],[123.9098731250001,10.311866477000024],[123.90870528900007,10.31072215000006],[123.90717939400008,10.30872529000004],[123.90518942900007,10.309950300000025],[123.9049217910001,10.311394535000034],[123.90376539300007,10.313793178000026],[123.90510358200004,10.314429449000045],[123.90603905900002,10.31668546900005],[123.90643064800008,10.317043872000056],[123.9074129390001,10.317528380000056],[123.90847765300009,10.318680117000042]]]}},{"type":"Feature","properties":{"BGY_NAME":"Inayawan","PCODE":"PH0702217032","DISTRICT":"Cebu City (Capital)"},"geometry":{"type":"Polygon","coordinates":[[[123.8573384020001,10.276881246000073],[123.85679672900005,10.273435440000071],[123.85717747800004,10.27335385300006],[123.8578180290001,10.272786647000032],[123.85842583500005,10.272624088000043],[123.8587669960001,10.27159615100004],[123.85935530300003,10.27119940800003],[123.85941803700007,10.27096153900004],[123.85973818700006,10.27096608100004],[123.86040036200006,10.27045640600005],[123.8613386180001,10.270038632000023],[123.86195472100007,10.270288007000033],[123.86303534600006,10.26961811700005],[123.86635179300004,10.272754336000048],[123.87029899800007,10.270766679000076],[123.87477956100008,10.266879695000057],[123.87758085000007,10.264696138000033],[123.87341514600007,10.259836298000039],[123.87516837300007,10.258251353000048],[123.87090528300007,10.261644020000062],[123.86905764800008,10.262072457000045],[123.86851317600008,10.261929644000077],[123.86813829300002,10.262625855000067],[123.86687083400011,10.262072457000045],[123.86644239700001,10.262500894000027],[123.86001820700005,10.261173427000074],[123.85852719500008,10.258822897000073],[123.85807089200011,10.259091874000035],[123.85703248400011,10.26041718700003],[123.85600114500005,10.262647726000068],[123.85598225600006,10.263121386000023],[123.8548696150001,10.263083895000022],[123.8546102250001,10.262920835000045],[123.85403872600011,10.263163485000064],[123.85233567000012,10.263208360000021],[123.85187593,10.263010869000027],[123.85120392300007,10.263467814000023],[123.85171701900003,10.26826705600007],[123.85308653100003,10.27008973900007],[123.85489609800004,10.273581901000057],[123.8573384020001,10.276881246000073]]]}},{"type":"Feature","properties":{"BGY_NAME":"Kalubihan (Pob.)","PCODE":"PH0702217033","DISTRICT":"Cebu City (Capital)"},"geometry":{"type":"Polygon","coordinates":[[[123.89683710500003,10.299551476000033],[123.89746934400011,10.297706421000044],[123.90001085300003,10.298869832000037],[123.9006376860001,10.297602465000068],[123.8982374740001,10.296184269000037],[123.89777594600002,10.294891992000032],[123.89907460900008,10.294300816000032],[123.89785484100003,10.293620560000022],[123.89727563400004,10.293464174000064],[123.89705553600004,10.293469966000032],[123.89553445900003,10.29890758700003],[123.89683710500003,10.299551476000033]]]}},{"type":"Feature","properties":{"BGY_NAME":"Kalunasan","PCODE":"PH0702217034","DISTRICT":"Cebu City (Capital)"},"geometry":{"type":"Polygon","coordinates":[[[123.88270034400011,10.342162470000062],[123.88606379600003,10.335294887000032],[123.88784588600004,10.332753335000064],[123.88867413900005,10.332489254000052],[123.88920830200004,10.33187706700005],[123.88934611000002,10.330690212000036],[123.88958943900002,10.330231362000063],[123.89002033800011,10.328423218000069],[123.8893966710001,10.328293257000041],[123.89008769300005,10.324950300000069],[123.88918548800007,10.32468042100004],[123.88854583700004,10.325484387000074],[123.88809397300008,10.326869320000071],[123.88767732000008,10.32717447400006],[123.88643322700011,10.327291841000033],[123.88630999200006,10.327420945000028],[123.88656820000006,10.328142754000055],[123.88591674400004,10.328872225000055],[123.88547845800008,10.329046302000052],[123.88493397700006,10.328946702000053],[123.88418365600012,10.330487185000038],[123.88355285500006,10.330580147000035],[123.88105621000011,10.332426069000064],[123.8803523690001,10.33220030800004],[123.87864588500008,10.332187028000021],[123.87817444500001,10.332313189000047],[123.87730346600006,10.331901145000074],[123.87719557700007,10.331269994000024],[123.87688269900002,10.33136709400003],[123.87686823900003,10.332450034000033],[123.87591006200012,10.336171324000077],[123.87581896500001,10.340767338000035],[123.87665246900008,10.341482073000066],[123.88270034400011,10.342162470000062]]]}},{"type":"Feature","properties":{"BGY_NAME":"Kamagayan (Pob.)","PCODE":"PH0702217035","DISTRICT":"Cebu City (Capital)"},"geometry":{"type":"Polygon","coordinates":[[[123.90085931900012,10.301633999000046],[123.90130562000002,10.300762005000024],[123.9017953440001,10.299226610000062],[123.89968887300006,10.298763647000044],[123.89746934400011,10.297706421000044],[123.89683710500003,10.299551476000033],[123.90085931900012,10.301633999000046]]]}},{"type":"Feature","properties":{"BGY_NAME":"Camputhaw (Pob.)","PCODE":"PH0702217036","DISTRICT":"Cebu City (Capital)"},"geometry":{"type":"Polygon","coordinates":[[[123.89701189300001,10.322193093000067],[123.896866939,10.32133688600004],[123.89732078600002,10.321122302000049],[123.89706707200003,10.320732790000022],[123.8973657680001,10.320679859000052],[123.89917646300012,10.320587616000068],[123.89895558100011,10.32147640200003],[123.90091064700005,10.321489632000066],[123.90124096700004,10.320854330000031],[123.90237023500003,10.32143325900006],[123.90347806200009,10.319432023000047],[123.9026035390001,10.317724799000075],[123.90364214200008,10.317213486000071],[123.90401763700004,10.316798045000041],[123.90357822800001,10.31576743200003],[123.90423502100009,10.313949721000029],[123.90376539300007,10.313793178000026],[123.9049217910001,10.311394535000034],[123.90518942900007,10.309950300000025],[123.90305743500005,10.311035811000067],[123.90190532000008,10.31137953600006],[123.90065489100004,10.311527144000024],[123.89821508700004,10.311217472000067],[123.89546137400009,10.310245574000021],[123.89500279200001,10.312474283000029],[123.89289278500007,10.31815189200006],[123.89294677900011,10.318406437000021],[123.89262281300012,10.319393762000061],[123.89272308800003,10.319594313000039],[123.89405827500002,10.319518179000056],[123.89364229700004,10.320366059000037],[123.89447170200003,10.320673653000028],[123.89451564400008,10.321849099000076],[123.89701189300001,10.322193093000067]]]}},{"type":"Feature","properties":{"BGY_NAME":"Kasambagan","PCODE":"PH0702217037","DISTRICT":"Cebu City (Capital)"},"geometry":{"type":"Polygon","coordinates":[[[123.91173236700001,10.340192307000052],[123.91429032400004,10.339244761000032],[123.91592228900004,10.33829563300003],[123.91687058600007,10.338122230000067],[123.91729325600011,10.337092649000056],[123.91715516900001,10.335871507000036],[123.91732463800008,10.335556778000068],[123.91838180600007,10.33528239800006],[123.91874495600007,10.334935389000066],[123.91886600500004,10.334733639000035],[123.91872074600008,10.334201020000023],[123.91951160400004,10.333022803000063],[123.9201366420001,10.334067943000036],[123.9221307470001,10.33331382800003],[123.92180822600005,10.332951889000071],[123.9218337640001,10.33231926700006],[123.92154769500007,10.331923370000027],[123.92170100800001,10.331759973000032],[123.92119823100006,10.330876187000058],[123.92118797600006,10.330512719000069],[123.92088455400005,10.330018434000067],[123.92043431400009,10.329847148000056],[123.92054687400002,10.329617134000046],[123.9200085440001,10.328750912000032],[123.91987151500007,10.32811470400003],[123.91959745600002,10.327894478000076],[123.91966107700011,10.327732979000075],[123.92088944800003,10.327189755000063],[123.92041256200002,10.32677405000004],[123.91974240600007,10.325628484000049],[123.91938441600007,10.325493879000021],[123.91717347400004,10.326035159000071],[123.91685557900007,10.325952106000045],[123.91275153200002,10.321799455000075],[123.9108789600001,10.320645696000042],[123.90763380900012,10.32593104800003],[123.90791450800009,10.326239132000069],[123.90925539200009,10.329192861000024],[123.91037842700007,10.332331062000037],[123.91173236700001,10.340192307000052]]]}},{"type":"Feature","properties":{"BGY_NAME":"Kinasang-An Pardo","PCODE":"PH0702217038","DISTRICT":"Cebu City (Capital)"},"geometry":{"type":"Polygon","coordinates":[[[123.84256370300011,10.306891028000052],[123.85200482900007,10.293130861000066],[123.85549630500009,10.28889418700004],[123.85480811700006,10.287113530000056],[123.85568815800002,10.286173906000045],[123.85705055900007,10.287455390000048],[123.85839054500002,10.28577797500003],[123.85985097800005,10.284696656000051],[123.86059865200002,10.28455464600006],[123.86077381200005,10.28415295900004],[123.86105020600007,10.283974077000039],[123.86151837800003,10.284161080000047],[123.86302118000003,10.282769679000069],[123.86370625900008,10.279644716000064],[123.8639657550001,10.279420093000056],[123.86492302900001,10.279193705000068],[123.86493949700002,10.27886979300007],[123.86507129300003,10.27884782700005],[123.86491020900007,10.27839752500006],[123.86508227600007,10.278236441000047],[123.86482966800008,10.277518887000042],[123.86543373100005,10.277010009000037],[123.86725820400011,10.27637605600006],[123.86669545000007,10.27595774200006],[123.86651873900007,10.275541750000059],[123.86297451000007,10.278513738000072],[123.85997116200008,10.28041137300005],[123.85796237000011,10.281190697000056],[123.8568653640001,10.281225735000021],[123.85587912500011,10.28216334800004],[123.84924619500009,10.290695715000027],[123.84014531200012,10.305605778000029],[123.84256370300011,10.306891028000052]]]}},{"type":"Feature","properties":{"BGY_NAME":"Labangon","PCODE":"PH0702217040","DISTRICT":"Cebu City (Capital)"},"geometry":{"type":"Polygon","coordinates":[[[123.87524809700005,10.308079465000048],[123.87678847300003,10.307922102000077],[123.87686016400005,10.307420302000025],[123.87728520900009,10.307387666000068],[123.87730768100005,10.30700104400006],[123.87787144800006,10.306555626000033],[123.87910071800002,10.30651767300003],[123.8793082630001,10.307014688000038],[123.87971789100004,10.30726592600007],[123.8827819070001,10.307648246000042],[123.88278604300001,10.307155755000053],[123.8832363360001,10.306680966000044],[123.88344902900008,10.306113277000065],[123.8834026180001,10.305729189000033],[123.88413936200004,10.304016274000048],[123.88506568900004,10.298050744000022],[123.8848422740001,10.298110611000027],[123.8858831770001,10.296787541000072],[123.88415673500003,10.295985475000066],[123.88018692100002,10.293269044000056],[123.87949093300006,10.295273818000055],[123.87927963300001,10.296374658000047],[123.87853655100002,10.29752215600007],[123.87836997800002,10.298195290000024],[123.87781855200001,10.29853505400007],[123.87784558400006,10.299260425000057],[123.87712021400012,10.299756019000029],[123.87696595700004,10.30003219300005],[123.87683637300006,10.300440841000068],[123.87719680600003,10.30078325200003],[123.87675978100003,10.301116653000065],[123.87684087900004,10.30146807400007],[123.87697604100003,10.301504118000025],[123.87691296500009,10.301724883000077],[123.8766876950001,10.301941142000032],[123.87672373800001,10.302161907000027],[123.8764161150001,10.302759968000032],[123.87597216800009,10.302922980000062],[123.87571204300002,10.303311434000022],[123.87544844900003,10.304071000000022],[123.87557330900006,10.304511479000041],[123.8750946780001,10.305198210000071],[123.87509121000005,10.305732335000073],[123.87563920800005,10.306949721000024],[123.87551781600007,10.307619111000065],[123.87524809700005,10.308079465000048]]]}},{"type":"Feature","properties":{"BGY_NAME":"Lahug (Pob.)","PCODE":"PH0702217041","DISTRICT":"Cebu City (Capital)"},"geometry":{"type":"Polygon","coordinates":[[[123.89342900800011,10.345614927000042],[123.893765658,10.343891601000053],[123.89506841900004,10.344524369000055],[123.89773295100008,10.341440716000022],[123.89899728700004,10.335937475000037],[123.90039808800009,10.334770141000035],[123.90444212900002,10.331963604000066],[123.90485509200005,10.332942471000024],[123.90667550300009,10.332128260000047],[123.9096017490001,10.330043009000065],[123.90791450800009,10.326239132000069],[123.9073325710001,10.325643503000038],[123.90548539500003,10.322918478000076],[123.90347806200009,10.319432023000047],[123.90237023500003,10.32143325900006],[123.90124096700004,10.320854330000031],[123.90091064700005,10.321489632000066],[123.89895558100011,10.32147640200003],[123.89917646300012,10.320587616000068],[123.8973657680001,10.320679859000052],[123.89706707200003,10.320732790000022],[123.89732078600002,10.321122302000049],[123.896866939,10.32133688600004],[123.89706683800011,10.32213993800002],[123.89692980500001,10.322196662000067],[123.89451564400008,10.321849099000076],[123.89447170200003,10.320673653000028],[123.89364229700004,10.320366059000037],[123.89405827500002,10.319518179000056],[123.89272308800003,10.319594313000039],[123.8918894840001,10.321357996000074],[123.89169120800011,10.322253206000028],[123.89102827500005,10.323479728000052],[123.8907570130001,10.324413535000076],[123.89093076600011,10.324914834000026],[123.8904938820001,10.325038440000071],[123.8901561990001,10.324845517000028],[123.88989993900009,10.325563411000076],[123.8893966710001,10.328293257000041],[123.89002033800011,10.328423218000069],[123.88958943900002,10.330231362000063],[123.88934611000002,10.330690212000036],[123.88920830200004,10.33187706700005],[123.88867413900005,10.332489254000052],[123.88784588600004,10.332753335000064],[123.88606379600003,10.335294887000032],[123.88270034400011,10.342162470000062],[123.88871878500004,10.342718089000073],[123.88881838500004,10.342505608000067],[123.88903690300003,10.342567723000059],[123.89014856400001,10.343468964000067],[123.89089110700002,10.343402013000059],[123.89170668800011,10.344108038000059],[123.89305787400008,10.344558434000021],[123.89306396000006,10.344832323000048],[123.89265617000001,10.345021002000067],[123.89266225600011,10.345221854000044],[123.89342900800011,10.345614927000042]]]}},{"type":"Feature","properties":{"BGY_NAME":"Lorega (Lorega San Miguel)","PCODE":"PH0702217042","DISTRICT":"Cebu City (Capital)"},"geometry":{"type":"Polygon","coordinates":[[[123.90396130400006,10.310672991000047],[123.90717939400008,10.30872529000004],[123.90639686100008,10.307263492000061],[123.9061306960001,10.305756727000073],[123.90533220000009,10.305774772000063],[123.90503625200006,10.306014310000023],[123.90356533700003,10.30400714700005],[123.90269605100002,10.304532486000028],[123.90325076200008,10.304609377000077],[123.90328920700006,10.30503227500003],[123.90292123100005,10.305707814000073],[123.90249284100003,10.30598791500006],[123.90256018200012,10.306784956000058],[123.90310199200007,10.307961384000066],[123.90396130400006,10.310672991000047]]]}},{"type":"Feature","properties":{"BGY_NAME":"Lusaran","PCODE":"PH0702217043","DISTRICT":"Cebu City (Capital)"},"geometry":{"type":"Polygon","coordinates":[[[123.88797746700004,10.493494774000055],[123.89533244300003,10.49085292600006],[123.90159947400002,10.487374688000045],[123.91168239300009,10.485650218000046],[123.90617143800011,10.482025055000065],[123.90459105800005,10.480714496000076],[123.89173309300008,10.474446125000043],[123.88276937800003,10.458967201000064],[123.88192809200007,10.459568387000047],[123.88131108000005,10.45966566800007],[123.88128531500001,10.459840232000033],[123.87616103200003,10.462892488000023],[123.85644142400008,10.47573453900003],[123.86708097300004,10.488325346000067],[123.88797746700004,10.493494774000055]]]}},{"type":"Feature","properties":{"BGY_NAME":"Luz","PCODE":"PH0702217044","DISTRICT":"Cebu City (Capital)"},"geometry":{"type":"Polygon","coordinates":[[[123.90763380900012,10.32593104800003],[123.91140710500008,10.319638444000077],[123.9092314610001,10.317835807000051],[123.9084143340001,10.318743466000058],[123.9074129390001,10.317528380000056],[123.90643064800008,10.317043872000056],[123.90603905900002,10.31668546900005],[123.90510358200004,10.314429449000045],[123.90423502100009,10.313949721000029],[123.90357822800001,10.31576743200003],[123.90396215900012,10.316949618000024],[123.9026035390001,10.317724799000075],[123.90490504500008,10.321980973000052],[123.90763380900012,10.32593104800003]]]}},{"type":"Feature","properties":{"BGY_NAME":"Mabini","PCODE":"PH0702217045","DISTRICT":"Cebu City (Capital)"},"geometry":{"type":"Polygon","coordinates":[[[123.92466289200001,10.466891000000032],[123.9250210990001,10.45321023200006],[123.92330781400005,10.437007509000068],[123.91919609400009,10.436694092000039],[123.91377802700003,10.435547944000064],[123.9109175850001,10.44591207600007],[123.9047063270001,10.448864582000056],[123.90544432700005,10.450060354000072],[123.90622391600004,10.453346191000037],[123.90752470300004,10.462859409000032],[123.90916858500009,10.46659356300006],[123.91303526800004,10.463791896000032],[123.91938950700012,10.466104375000043],[123.91958133800006,10.467034166000076],[123.9197293100001,10.467098502000056],[123.92058663900002,10.467281913000022],[123.92466289200001,10.466891000000032]]]}},{"type":"Feature","properties":{"BGY_NAME":"Mabolo","PCODE":"PH0702217046","DISTRICT":"Cebu City (Capital)"},"geometry":{"type":"Polygon","coordinates":[[[123.92088944800003,10.327189755000063],[123.92096285600007,10.32677377300007],[123.92124670300007,10.326700365000022],[123.92082093300007,10.326201186000048],[123.92111456800001,10.325721583000075],[123.92076710000003,10.325633493000055],[123.92077688800009,10.325188147000063],[123.92038048100005,10.32473301400006],[123.92087476600011,10.32432681900002],[123.92081114500002,10.324091912000029],[123.9205126170001,10.323979352000038],[123.92070837300002,10.323592733000055],[123.92038048100005,10.323054403000071],[123.92056645000002,10.321542186000045],[123.92082726400008,10.320893115000047],[123.92044152100004,10.320726061000073],[123.92009526400011,10.32101764600003],[123.91966396200007,10.32083844300007],[123.91949083300005,10.320698725000057],[123.91931770400004,10.319987987000047],[123.91888640200011,10.319744999000022],[123.91915065100011,10.318718377000039],[123.92017727200005,10.31750951500004],[123.92022587000008,10.31680181400003],[123.92094268300002,10.31637051100006],[123.92065413500006,10.316100188000064],[123.92012563800006,10.315987806000066],[123.91866213300011,10.314803733000076],[123.91886923100003,10.314547326000024],[123.92034442900001,10.314305469000033],[123.92192895300002,10.314920486000062],[123.92227917100001,10.31492262200004],[123.92272762100004,10.314173070000038],[123.92548647600006,10.311265924000054],[123.92526498300003,10.311077799000032],[123.92544640500012,10.310853140000063],[123.92535254200004,10.310777419000033],[123.9258398830001,10.310380561000045],[123.92096916800006,10.306410920000076],[123.92048926100006,10.307311215000027],[123.91625817200008,10.312344935000056],[123.91542224900002,10.311660356000061],[123.91459787300005,10.31259938200003],[123.91285340500008,10.310812717000033],[123.91155041600007,10.310111716000051],[123.91071079900007,10.311327576000053],[123.90932368800009,10.312429481000038],[123.90952379200007,10.313284160000023],[123.90943900200011,10.313545313000077],[123.90983065900002,10.314288482000052],[123.90955609900004,10.316726238000058],[123.9092314610001,10.317835807000051],[123.91140710500008,10.319638444000077],[123.9108789600001,10.320645696000042],[123.91275153200002,10.321799455000075],[123.91685557900007,10.325952106000045],[123.91717347400004,10.326035159000071],[123.91951042900007,10.32550533500006],[123.91974240600007,10.325628484000049],[123.92051279900011,10.326905790000069],[123.92088944800003,10.327189755000063]]]}},{"type":"Feature","properties":{"BGY_NAME":"Malubog","PCODE":"PH0702217048","DISTRICT":"Cebu City (Capital)"},"geometry":{"type":"Polygon","coordinates":[[[123.86477637700011,10.405027906000043],[123.89319931500006,10.396435429000064],[123.89215407500001,10.393136096000035],[123.886971861,10.385541111000066],[123.88359484600005,10.381589936000069],[123.88025508700002,10.378156269000044],[123.87363274500001,10.378412229000048],[123.8713361230001,10.377906619000044],[123.87071264400004,10.376744681000048],[123.87003248500002,10.376262902000065],[123.86385314600011,10.372660908000057],[123.85898389800002,10.383401290000052],[123.85727937800004,10.386121790000061],[123.85714423600007,10.386444778000055],[123.85724819300003,10.386929269000063],[123.85712665100004,10.387027443000022],[123.85658586500006,10.386865039000043],[123.85701558900007,10.387558302000059],[123.85783654500005,10.388217248000046],[123.85791023500008,10.389968585000076],[123.85770642400007,10.390593195000065],[123.85778807600002,10.391070771000045],[123.85810343600008,10.391464971000062],[123.85864309900012,10.39277018200005],[123.85949084800006,10.395437077000054],[123.85897365700009,10.397077767000042],[123.85856120000005,10.397719058000064],[123.85874701900002,10.398843139000064],[123.86172278700008,10.399696557000027],[123.8629462130001,10.40035302900003],[123.8631849300001,10.401238272000057],[123.86400054700005,10.402063835000035],[123.86419947700006,10.402789933000065],[123.86476643100002,10.403575710000041],[123.86458739300008,10.404162556000074],[123.86477637700011,10.405027906000043]]]}},{"type":"Feature","properties":{"BGY_NAME":"Mambaling","PCODE":"PH0702217049","DISTRICT":"Cebu City (Capital)"},"geometry":{"type":"Polygon","coordinates":[[[123.88014373300007,10.293413316000056],[123.880069391,10.292263276000028],[123.88022670600003,10.291969753000046],[123.88084678100006,10.291653685000028],[123.88113088800003,10.290884757000072],[123.88245626000003,10.290697476000048],[123.8835367260001,10.289933947000065],[123.8843818900001,10.289996374000054],[123.88481887900002,10.28985231200005],[123.88540903000012,10.28930643700005],[123.88504669100007,10.288906246000067],[123.8872919910001,10.287564111000052],[123.88755898200009,10.285861896000029],[123.88233010200008,10.280209060000061],[123.8778086320001,10.285038156000041],[123.87715005200005,10.28416164400005],[123.87531709300004,10.286100084000054],[123.87464122500012,10.287392562000036],[123.8747067160001,10.287865039000053],[123.8742014930001,10.289549118000025],[123.87439831900008,10.292796131000046],[123.87671041700003,10.292948624000076],[123.87968286300008,10.294839650000029],[123.88014373300007,10.293413316000056]]]}},{"type":"Feature","properties":{"BGY_NAME":"Pahina Central (Pob.)","PCODE":"PH0702217050","DISTRICT":"Cebu City (Capital)"},"geometry":{"type":"Polygon","coordinates":[[[123.89553445900003,10.29890758700003],[123.89705553600004,10.293469966000032],[123.89628761200004,10.293289151000067],[123.89510058200005,10.293075272000067],[123.89441448800005,10.293723795000062],[123.89325296900006,10.295346666000057],[123.89185806000012,10.296160815000064],[123.89064769100003,10.29659502800007],[123.88957180000011,10.297364088000052],[123.89048736300003,10.29752228700005],[123.89243479900006,10.29834567000006],[123.89483355800007,10.298673086000065],[123.89553445900003,10.29890758700003]]]}},{"type":"Feature","properties":{"BGY_NAME":"Pahina San Nicolas","PCODE":"PH0702217051","DISTRICT":"Cebu City (Capital)"},"geometry":{"type":"Polygon","coordinates":[[[123.89192861900005,10.296090255000024],[123.89348093000001,10.295129559000031],[123.89441448800005,10.293723795000062],[123.89510058200005,10.293075272000067],[123.89240809700004,10.29255207500006],[123.89157693700008,10.295980881000048],[123.89192861900005,10.296090255000024]]]}},{"type":"Feature","properties":{"BGY_NAME":"Pamutan","PCODE":"PH0702217052","DISTRICT":"Cebu City (Capital)"},"geometry":{"type":"Polygon","coordinates":[[[123.84047077800005,10.366180751000059],[123.84823010200012,10.35413903500006],[123.85423450000008,10.336747930000058],[123.83803207000005,10.324643321000053],[123.83439658700001,10.330409487000054],[123.8210101300001,10.332486343000028],[123.81754547700007,10.340034897000066],[123.82259448800005,10.356478911000067],[123.82750599600001,10.358471645000066],[123.835526705,10.364799797000046],[123.84047077800005,10.366180751000059]]]}},{"type":"Feature","properties":{"BGY_NAME":"Pardo (Pob.)","PCODE":"PH0702217053","DISTRICT":"Cebu City (Capital)"},"geometry":{"type":"Polygon","coordinates":[[[123.84924619500009,10.290695715000027],[123.85587912500011,10.28216334800004],[123.8568653640001,10.281225735000021],[123.85796237000011,10.281190697000056],[123.8573384020001,10.276881246000073],[123.85544021900012,10.274315414000057],[123.85455142300009,10.275853010000048],[123.85403802600001,10.277429269000038],[123.85147388900009,10.280925503000049],[123.85087186100009,10.282420725000065],[123.84850588000006,10.285946488000036],[123.8459808990001,10.289171272000033],[123.84367690600004,10.290064220000033],[123.8389009340001,10.294677917000058],[123.83473497500006,10.302377395000065],[123.83866974700004,10.304230652000058],[123.84014531200012,10.305605778000029],[123.84924619500009,10.290695715000027]]]}},{"type":"Feature","properties":{"BGY_NAME":"Pari-An","PCODE":"PH0702217054","DISTRICT":"Cebu City (Capital)"},"geometry":{"type":"Polygon","coordinates":[[[123.9038266550001,10.300284488000045],[123.90392243800011,10.299496494000039],[123.9037169820001,10.29844405600005],[123.9038120670001,10.297623386000055],[123.90215510100006,10.297345567000036],[123.90211057200008,10.29776688000004],[123.9006376860001,10.297602465000068],[123.90001085300003,10.298869832000037],[123.9017953440001,10.299226610000062],[123.90154593700004,10.30014324900003],[123.90246197900001,10.300387268000065],[123.9038266550001,10.300284488000045]]]}},{"type":"Feature","properties":{"BGY_NAME":"Paril","PCODE":"PH0702217055","DISTRICT":"Cebu City (Capital)"},"geometry":{"type":"Polygon","coordinates":[[[123.91372234200003,10.485117247000062],[123.91855930700001,10.479030651000073],[123.91968029300006,10.476280839000026],[123.91971928300006,10.474150988000076],[123.91998627900011,10.47329604600003],[123.92148927400001,10.472655085000042],[123.92273227200008,10.472697076000031],[123.9238834030001,10.473599612000044],[123.92481701400004,10.47342406100006],[123.92509629900007,10.472554287000037],[123.92521606100001,10.47126404100004],[123.92466289200001,10.466891000000032],[123.92058663900002,10.467281913000022],[123.9197293100001,10.467098502000056],[123.91958133800006,10.467034166000076],[123.91938950700012,10.466104375000043],[123.91303526800004,10.463791896000032],[123.90916858500009,10.46659356300006],[123.90778152300004,10.467978040000048],[123.90459105800005,10.480714496000076],[123.90617143800011,10.482025055000065],[123.91168239300009,10.485650218000046],[123.91372234200003,10.485117247000062]]]}},{"type":"Feature","properties":{"BGY_NAME":"Pasil","PCODE":"PH0702217056","DISTRICT":"Cebu City (Capital)"},"geometry":{"type":"Polygon","coordinates":[[[123.89510058200005,10.293075272000067],[123.89617623700008,10.290215235000062],[123.89633758700006,10.289304685000047],[123.89438385300002,10.289531182000076],[123.89399484400008,10.28937770400006],[123.89390056400009,10.289519125000027],[123.8941223810001,10.291715987000032],[123.89393245700012,10.292873663000023],[123.89510058200005,10.293075272000067]]]}},{"type":"Feature","properties":{"BGY_NAME":"Pit-Os","PCODE":"PH0702217057","DISTRICT":"Cebu City (Capital)"},"geometry":{"type":"Polygon","coordinates":[[[123.92341573400006,10.410396202000072],[123.92171916300003,10.405156884000064],[123.92354684600002,10.401690131000066],[123.92415791000008,10.400812814000062],[123.92388819200005,10.399136328000054],[123.92395534200011,10.398447238000074],[123.92387028500002,10.398283221000042],[123.92349424600002,10.398240290000047],[123.92414590700002,10.389812731000063],[123.920267222,10.390321325000059],[123.92072860000007,10.391904327000077],[123.9199490310001,10.392238428000041],[123.91961754600004,10.392584429000067],[123.91845093300003,10.392556587000058],[123.91817507500002,10.39271281200007],[123.91789681400007,10.393303520000075],[123.91731395300008,10.393581611000059],[123.91727404700009,10.394521533000045],[123.91758696500005,10.39503432400005],[123.91758292400004,10.395482898000068],[123.91699156100003,10.395908572000053],[123.91640019800002,10.396089079000035],[123.91619274900006,10.396508018000077],[123.9163911500001,10.397054188000027],[123.91676786000005,10.397246807000045],[123.91745269600005,10.398094927000045],[123.9183706980001,10.399739426000053],[123.91817326900002,10.399924291000048],[123.91561528000011,10.400677143000053],[123.91371578000008,10.40078887900006],[123.91398960400011,10.401326122000057],[123.9145874300001,10.401635635000048],[123.9141324950001,10.403258019000077],[123.9138091860001,10.403579523000076],[123.9135978600001,10.403429608000067],[123.91334499200002,10.403478376000066],[123.91163472700009,10.404966829000045],[123.91170555100007,10.40533096200005],[123.91196972000012,10.405630465000058],[123.91332673200009,10.40571968300003],[123.91370351700004,10.405885101000024],[123.91363918800005,10.406642348000048],[123.91318464500011,10.407079960000033],[123.91413239600001,10.407248670000058],[123.91396203200009,10.40814845400007],[123.91462363800008,10.408034327000053],[123.91500718000009,10.408720508000044],[123.91531245300007,10.408695069000032],[123.91542831800007,10.407637815000044],[123.9160513060001,10.406796554000039],[123.91618621100008,10.406901143000027],[123.91621413600001,10.407471839000038],[123.91703977800012,10.40862721800005],[123.91801841800009,10.408499597000059],[123.92070321500012,10.409677222000028],[123.92341573400006,10.410396202000072]]]}},{"type":"Feature","properties":{"BGY_NAME":"Pulangbato","PCODE":"PH0702217059","DISTRICT":"Cebu City (Capital)"},"geometry":{"type":"Polygon","coordinates":[[[123.91396203200009,10.40814845400007],[123.91413239600001,10.407248670000058],[123.91318464500011,10.407079960000033],[123.91363918800005,10.406642348000048],[123.91370351700004,10.405885101000024],[123.91332673200009,10.40571968300003],[123.91196972000012,10.405630465000058],[123.91170555100007,10.40533096200005],[123.91166012000008,10.404888437000068],[123.91334499200002,10.403478376000066],[123.9135978600001,10.403429608000067],[123.9138091860001,10.403579523000076],[123.9141324950001,10.403258019000077],[123.9145874300001,10.401635635000048],[123.91398960400011,10.401326122000057],[123.91371578000008,10.40078887900006],[123.91561528000011,10.400677143000053],[123.91817326900002,10.399924291000048],[123.9183706980001,10.399739426000053],[123.91745269600005,10.398094927000045],[123.91676786000005,10.397246807000045],[123.91637693200005,10.397035420000066],[123.91618870800005,10.39631404000005],[123.91757768900004,10.395495018000076],[123.91758696500005,10.39503432400005],[123.91728090900006,10.394559763000075],[123.91724464000004,10.393703997000046],[123.91793375600002,10.393269657000076],[123.91819618700004,10.39268888600003],[123.91862967700001,10.39250310400007],[123.91961754600004,10.392584429000067],[123.9199490310001,10.392238428000041],[123.92072860000007,10.391904327000077],[123.92002857900002,10.389494027000069],[123.91950356300003,10.389350841000066],[123.91876376800008,10.389454253000054],[123.91822284200009,10.389151972000036],[123.91776941900002,10.389350841000066],[123.91453983500003,10.389269518000049],[123.90632491100007,10.388070583000058],[123.89610687200002,10.383936995000056],[123.89421403400002,10.386507831000074],[123.89614592500004,10.39588982500004],[123.89319931500006,10.396435429000064],[123.89399753200007,10.397906817000035],[123.8957745030001,10.398438526000064],[123.8965461250001,10.399564287000032],[123.89674514300009,10.400757958000042],[123.89919768000004,10.401091215000065],[123.90142432500011,10.407963198000061],[123.90500698000005,10.412549093000052],[123.91396203200009,10.40814845400007]]]}},{"type":"Feature","properties":{"BGY_NAME":"Pung-Ol-Sibugay","PCODE":"PH0702217060","DISTRICT":"Cebu City (Capital)"},"geometry":{"type":"Polygon","coordinates":[[[123.83182935000002,10.414827568000021],[123.84845731700011,10.414630481000074],[123.84925396400001,10.413488620000066],[123.84941021700001,10.41297819600004],[123.84939980000001,10.412124017000053],[123.84987897300005,10.410728164000034],[123.84997272500004,10.409446896000077],[123.85145191200002,10.408759386000042],[123.85195191900004,10.407936458000052],[123.85449996000011,10.40530082400005],[123.85768954200012,10.408749244000035],[123.86477637700011,10.405027906000043],[123.86458739300008,10.404162556000074],[123.86476643100002,10.403575710000041],[123.86419947700006,10.402789933000065],[123.86400054700005,10.402063835000035],[123.8631849300001,10.401238272000057],[123.8629462130001,10.40035302900003],[123.86172278700008,10.399696557000027],[123.85874701900002,10.398843139000064],[123.85856120000005,10.397719058000064],[123.85897365700009,10.397077767000042],[123.85949084800006,10.395437077000054],[123.85864309900012,10.39277018200005],[123.85810343600008,10.391464971000062],[123.85778807600002,10.391070771000045],[123.85770642400007,10.390593195000065],[123.85791023500008,10.389968585000076],[123.84502208900005,10.387036873000056],[123.8338726830001,10.38146406900006],[123.82529030500007,10.380694382000058],[123.80615635800007,10.378497183000036],[123.81155741300006,10.392663167000023],[123.82337593700004,10.401111617000026],[123.83038587500005,10.412828502000025],[123.83167262500001,10.414427098000033],[123.83182935000002,10.414827568000021]]]}},{"type":"Feature","properties":{"BGY_NAME":"Punta Princesa","PCODE":"PH0702217062","DISTRICT":"Cebu City (Capital)"},"geometry":{"type":"Polygon","coordinates":[[[123.87701658900005,10.299219876000052],[123.87784558400006,10.299260425000057],[123.87781855200001,10.29853505400007],[123.87836997800002,10.298195290000024],[123.87853655100002,10.29752215600007],[123.87927963300001,10.296374658000047],[123.87968286300008,10.294839650000029],[123.87671041700003,10.292948624000076],[123.87439831900008,10.292796131000046],[123.86972138800002,10.291947828000048],[123.86706082800004,10.292683423000028],[123.86665481800003,10.292540125000073],[123.86648763700009,10.292898369000056],[123.86360954500003,10.29256742900003],[123.86183246000007,10.293053894000025],[123.86090917000001,10.292875192000054],[123.85899359900009,10.296284852000042],[123.86391435600001,10.298744966000072],[123.86427775300001,10.29846232400007],[123.86445945100002,10.298435406000067],[123.86459404300001,10.298670941000069],[123.86481611800002,10.298610375000067],[123.86577050300002,10.297553829000037],[123.8664609860001,10.297491237000031],[123.86721282300005,10.297832210000024],[123.86838873400006,10.297480789000076],[123.8702539730001,10.298625162000064],[123.87141186200006,10.298426924000069],[123.8721567560001,10.297768147000056],[123.87273781100009,10.29791090200007],[123.87330084400003,10.298565730000064],[123.87362126100004,10.298698934000072],[123.87407906400006,10.298359343000072],[123.87431785000001,10.298422419000076],[123.8744509710001,10.298844048000035],[123.87466916500011,10.299013736000063],[123.87510181900007,10.298931544000027],[123.87558387000001,10.299179327000047],[123.87603891600008,10.298981089000051],[123.87688142700006,10.299012627000025],[123.87701658900005,10.299219876000052]]]}},{"type":"Feature","properties":{"BGY_NAME":"Quiot Pardo","PCODE":"PH0702217063","DISTRICT":"Cebu City (Capital)"},"geometry":{"type":"Polygon","coordinates":[[[123.85998919100007,10.29460017200006],[123.86032703000001,10.293717345000061],[123.86090917000001,10.292875192000054],[123.86130499700005,10.291445890000034],[123.86103186000003,10.290701977000026],[123.86048890100005,10.290447635000021],[123.86078311300002,10.289605863000077],[123.86113453200005,10.28972027900005],[123.86150921600006,10.288866389000077],[123.86075104600002,10.287589058000037],[123.86089474500011,10.287198470000021],[123.86128655400012,10.287362469000072],[123.86139441000012,10.28711021600003],[123.86120179400007,10.287019577000024],[123.86107816700007,10.286542548000057],[123.85978832900003,10.285111347000054],[123.86003837700002,10.284920380000074],[123.85985097800005,10.284696656000051],[123.85839054500002,10.28577797500003],[123.85705055900007,10.287455390000048],[123.85568815800002,10.286173906000045],[123.85480811700006,10.287113530000056],[123.85549630500009,10.28889418700004],[123.85200482900007,10.293130861000066],[123.85342258300011,10.294238963000055],[123.85899359900009,10.296284852000042],[123.85998919100007,10.29460017200006]]]}},{"type":"Feature","properties":{"BGY_NAME":"Sambag I (Pob.)","PCODE":"PH0702217064","DISTRICT":"Cebu City (Capital)"},"geometry":{"type":"Polygon","coordinates":[[[123.89505331400005,10.303689373000054],[123.89531698600001,10.303805811000075],[123.89683710500003,10.299551476000033],[123.89525747700009,10.29876269500005],[123.89243479900006,10.29834567000006],[123.89048736300003,10.29752228700005],[123.88957180000011,10.297364088000052],[123.8888884380001,10.298335038000062],[123.88786409300008,10.299338188000036],[123.8876823060001,10.29976444700003],[123.88730619500006,10.299883549000072],[123.88698650100002,10.300397567000061],[123.8869426220001,10.300610696000035],[123.88733126900001,10.301137251000057],[123.88701784400007,10.301350381000077],[123.88699277,10.301632464000022],[123.88770111200006,10.30221543600004],[123.88747544500006,10.302484982000067],[123.88816387000008,10.302585393000072],[123.88898287900008,10.302470095000047],[123.89050999100004,10.303027579000059],[123.8940510220001,10.303805811000075],[123.89505331400005,10.303689373000054]]]}},{"type":"Feature","properties":{"BGY_NAME":"Sambag Ii (Pob.)","PCODE":"PH0702217065","DISTRICT":"Cebu City (Capital)"},"geometry":{"type":"Polygon","coordinates":[[[123.8932499880001,10.309549065000056],[123.89531698600001,10.303805811000075],[123.89505331400005,10.303689373000054],[123.8940510220001,10.303805811000075],[123.89050999100004,10.303027579000059],[123.88898287900008,10.302470095000047],[123.88816387000008,10.302585393000072],[123.88747544500006,10.302484982000067],[123.88729992700007,10.302604083000062],[123.88708679700005,10.302936315000068],[123.88711187100012,10.303343768000047],[123.88799421100009,10.303483906000054],[123.88771839800006,10.30417050400007],[123.88828176100003,10.30445218500006],[123.88773013500008,10.305238545000066],[123.88705527400009,10.30517399300004],[123.88684401300009,10.305303097000035],[123.88733695500002,10.306065984000043],[123.88797660600005,10.30645329600003],[123.88787097600004,10.307362891000025],[123.88838739100004,10.307380497000054],[123.88855757400006,10.30806709500007],[123.88961219400005,10.308231250000063],[123.8932499880001,10.309549065000056]]]}},{"type":"Feature","properties":{"BGY_NAME":"San Antonio (Pob.)","PCODE":"PH0702217066","DISTRICT":"Cebu City (Capital)"},"geometry":{"type":"Polygon","coordinates":[[[123.90014009000004,10.30340232900005],[123.90085931900012,10.301633999000046],[123.89683710500003,10.299551476000033],[123.8959189090001,10.30213610800007],[123.89937249100001,10.303320476000067],[123.90014009000004,10.30340232900005]]]}},{"type":"Feature","properties":{"BGY_NAME":"San Jose","PCODE":"PH0702217067","DISTRICT":"Cebu City (Capital)"},"geometry":{"type":"Polygon","coordinates":[[[123.91761032400007,10.389295158000039],[123.91673529700006,10.388658775000067],[123.91535116500006,10.387147366000022],[123.91504092800005,10.38567573000006],[123.91533525500006,10.383169973000065],[123.91558185300005,10.382525635000036],[123.9162659650001,10.381690382000045],[123.91625005500009,10.381268779000038],[123.9168466640001,10.380147154000042],[123.9179762440001,10.37988464600005],[123.91806013600001,10.379059420000033],[123.91776779600002,10.378424995000046],[123.91657635100012,10.377756113000032],[123.91641709200007,10.377279428000065],[123.91519938600004,10.375760009000032],[123.91335022400006,10.37182044900004],[123.91311317600002,10.371669968000049],[123.91212136000001,10.372135821000029],[123.91062898500002,10.37070447900004],[123.91008571100008,10.371261424000068],[123.9107923900001,10.373520155000051],[123.91051500200001,10.373817356000075],[123.90718634600012,10.373909819000062],[123.9049144060001,10.372767244000045],[123.89610687200002,10.383936995000056],[123.90632491100007,10.388070583000058],[123.91453983500003,10.389269518000049],[123.91761032400007,10.389295158000039]]]}},{"type":"Feature","properties":{"BGY_NAME":"San Nicolas Central","PCODE":"PH0702217068","DISTRICT":"Cebu City (Capital)"},"geometry":{"type":"Polygon","coordinates":[[[123.8848422740001,10.298110611000027],[123.88831760200003,10.297240733000024],[123.88957180000011,10.297364088000052],[123.89064769100003,10.29659502800007],[123.89185806000012,10.296160815000064],[123.89157889100011,10.295836381000072],[123.89240809700004,10.29255207500006],[123.88981573900003,10.292202861000021],[123.88955490000001,10.293629624000062],[123.88700063800002,10.293179190000046],[123.88643057400009,10.29634760600004],[123.8860337960001,10.296387586000037],[123.88544190300001,10.297488257000055],[123.8848422740001,10.298110611000027]]]}},{"type":"Feature","properties":{"BGY_NAME":"San Roque (Ciudad)","PCODE":"PH0702217069","DISTRICT":"Cebu City (Capital)"},"geometry":{"type":"Polygon","coordinates":[[[123.90380723200008,10.298774146000028],[123.90611628600004,10.298388062000072],[123.90594336100003,10.297572557000024],[123.90779305100011,10.297216848000062],[123.90962539100008,10.295981641000026],[123.90928484500012,10.295338051000044],[123.91050716300003,10.294649822000054],[123.91036059600003,10.294417028000055],[123.90919483000005,10.29503711500007],[123.9082359790001,10.293428203000076],[123.9080434220001,10.293013005000034],[123.90926720300001,10.292363028000068],[123.90912403900006,10.29209867000003],[123.90811729500001,10.29263174700003],[123.90798197700008,10.29238861500005],[123.90774467300002,10.292519826000046],[123.90704437700003,10.291221716000052],[123.90364790900003,10.291327506000073],[123.90321075100007,10.290993066000055],[123.9014954910001,10.290499883000052],[123.90198928900008,10.291958297000065],[123.90367221400004,10.295656198000074],[123.9038255690001,10.297199738000074],[123.9037169820001,10.29844405600005],[123.90380723200008,10.298774146000028]]]}},{"type":"Feature","properties":{"BGY_NAME":"Santa Cruz (Pob.)","PCODE":"PH0702217070","DISTRICT":"Cebu City (Capital)"},"geometry":{"type":"Polygon","coordinates":[[[123.89546137400009,10.310245574000021],[123.89551043900008,10.309389401000033],[123.89496075300008,10.309087978000036],[123.89828156200008,10.30470052100003],[123.8983122410001,10.302967059000025],[123.8959189090001,10.30213610800007],[123.8932499880001,10.309549065000056],[123.89546137400009,10.310245574000021]]]}},{"type":"Feature","properties":{"BGY_NAME":"Sawang Calero (Pob.)","PCODE":"PH0702217071","DISTRICT":"Cebu City (Capital)"},"geometry":{"type":"Polygon","coordinates":[[[123.88981573900003,10.292202861000021],[123.89151390300003,10.292415929000072],[123.89174102600009,10.290618701000028],[123.89173434000008,10.289382544000034],[123.89119123300009,10.289383814000075],[123.89119978000008,10.289865768000027],[123.89107191400001,10.28992368400003],[123.89056744200002,10.289852518000032],[123.89064627300002,10.288249570000062],[123.89042861400003,10.288236506000032],[123.8905960300001,10.287556511000048],[123.8904501290001,10.287528606000024],[123.89031133100002,10.288229055000045],[123.8898181290001,10.288181778000023],[123.89039463600011,10.285332167000035],[123.89056436700002,10.285324310000021],[123.89036268900009,10.285007983000071],[123.88969022200001,10.288167391000059],[123.88818698000011,10.288156913000023],[123.88820669600011,10.289263408000068],[123.88685290500007,10.289246030000072],[123.88678744700007,10.290166631000034],[123.88536567200003,10.289332665000074],[123.88675950400011,10.290170991000025],[123.88717061900002,10.292181678000077],[123.88700063800002,10.293179190000046],[123.88955490000001,10.293629624000062],[123.88981573900003,10.292202861000021]]]}},{"type":"Feature","properties":{"BGY_NAME":"Sinsin","PCODE":"PH0702217073","DISTRICT":"Cebu City (Capital)"},"geometry":{"type":"Polygon","coordinates":[[[123.77640038000004,10.36371960100007],[123.7881767340001,10.361772694000024],[123.79949790700005,10.356454528000029],[123.80009824000001,10.349801220000074],[123.79218070400009,10.341048776000036],[123.79132537700002,10.338599335000026],[123.79152620900004,10.338238672000045],[123.79178422700011,10.33516035100007],[123.79125824300002,10.332464685000048],[123.7890121690001,10.329773672000044],[123.7797995090001,10.32797184900005],[123.77585622900006,10.327592970000069],[123.77611373000002,10.34885715400003],[123.77045034100001,10.361988495000048],[123.77640038000004,10.36371960100007]]]}},{"type":"Feature","properties":{"BGY_NAME":"Sirao","PCODE":"PH0702217074","DISTRICT":"Cebu City (Capital)"},"geometry":{"type":"Polygon","coordinates":[[[123.87248392600009,10.425304532000041],[123.88517024200007,10.416014243000063],[123.89525153700004,10.411338458000046],[123.89663946900009,10.40479689500006],[123.89674514300009,10.400757958000042],[123.8965461250001,10.399564287000032],[123.8957745030001,10.398438526000064],[123.89399753200007,10.397906817000035],[123.89319931500006,10.396435429000064],[123.86477637700011,10.405027906000043],[123.85768954200012,10.408749244000035],[123.85896641400007,10.410129737000034],[123.86042442300004,10.412552561000041],[123.86040842900002,10.413919465000049],[123.86061443400001,10.41527436900003],[123.86172143700003,10.41626029500003],[123.86250643800008,10.41665626400004],[123.86305643900005,10.41726021900007],[123.863628446,10.419067090000055],[123.86432245000003,10.420215007000024],[123.86775838300002,10.424175300000059],[123.87248392600009,10.425304532000041]]]}},{"type":"Feature","properties":{"BGY_NAME":"Suba Pob. (Suba San Nicolas)","PCODE":"PH0702217075","DISTRICT":"Cebu City (Capital)"},"geometry":{"type":"Polygon","coordinates":[[[123.89393245700012,10.292873663000023],[123.8941223810001,10.291715987000032],[123.89385529700007,10.289864285000021],[123.89399484400008,10.28937770400006],[123.89386326800002,10.289105198000073],[123.8932729070001,10.288888418000056],[123.8924497910001,10.289404036000064],[123.89173434000008,10.289382544000034],[123.89151390300003,10.292415929000072],[123.89393245700012,10.292873663000023]]]}},{"type":"Feature","properties":{"BGY_NAME":"Sudlon I","PCODE":"PH0702217076","DISTRICT":"Cebu City (Capital)"},"geometry":{"type":"Polygon","coordinates":[[[123.77007639200008,10.373240708000026],[123.80339788800006,10.365129705000072],[123.80296139900008,10.363023230000067],[123.79949790700005,10.356454528000029],[123.7881767340001,10.361772694000024],[123.77640038000004,10.36371960100007],[123.77045034100001,10.361988495000048],[123.77006135600004,10.365147275000027],[123.77007639200008,10.373240708000026]]]}},{"type":"Feature","properties":{"BGY_NAME":"Sapangdaku","PCODE":"PH0702217077","DISTRICT":"Cebu City (Capital)"},"geometry":{"type":"Polygon","coordinates":[[[123.87653608700009,10.360152342000049],[123.87683909700002,10.341510067000058],[123.87650994000012,10.341416152000022],[123.8762523480001,10.341025706000039],[123.87581896500001,10.340767338000035],[123.87591006200012,10.336171324000077],[123.87686823900003,10.332450034000033],[123.87688269900002,10.33136709400003],[123.8750807020001,10.332725866000033],[123.8745005930001,10.33198619500007],[123.87374786200007,10.33141044100006],[123.86156559300002,10.324278149000065],[123.85860182900001,10.32933588800006],[123.85839409700009,10.329439670000056],[123.85816833900003,10.330247893000035],[123.85715495400007,10.331525744000032],[123.85710695500006,10.331891298000073],[123.85423450000008,10.336747930000058],[123.84823010200012,10.35413903500006],[123.87653608700009,10.360152342000049]]]}},{"type":"Feature","properties":{"BGY_NAME":"T. Padilla","PCODE":"PH0702217078","DISTRICT":"Cebu City (Capital)"},"geometry":{"type":"Polygon","coordinates":[[[123.90533220000009,10.305774772000063],[123.9061306960001,10.305756727000073],[123.90658841300001,10.301931449000051],[123.90643784400004,10.300264369000047],[123.9038266550001,10.300284488000045],[123.9036431400001,10.300903706000042],[123.90409194300003,10.302725770000052],[123.9037083500001,10.303074839000033],[123.90356533700003,10.30400714700005],[123.90503625200006,10.306014310000023],[123.90533220000009,10.305774772000063]]]}},{"type":"Feature","properties":{"BGY_NAME":"Tabunan","PCODE":"PH0702217079","DISTRICT":"Cebu City (Capital)"},"geometry":{"type":"Polygon","coordinates":[[[123.82719770100005,10.44646907200007],[123.8423505290001,10.429783433000068],[123.8342547960001,10.423359401000027],[123.83214497400002,10.421443135000061],[123.83182935000002,10.414827568000021],[123.83167262500001,10.414427098000033],[123.83038587500005,10.412828502000025],[123.82337593700004,10.401111617000026],[123.81155741300006,10.392663167000023],[123.80487307600004,10.407059051000033],[123.78505352200011,10.407699230000048],[123.79393806900009,10.410440451000056],[123.80114304300002,10.421028652000075],[123.80370640700005,10.429142219000028],[123.80418395900006,10.430266053000025],[123.80455917900008,10.43093699600007],[123.80472973300004,10.430903449000027],[123.80493439800011,10.429863486000045],[123.80536078400007,10.430014448000065],[123.8054801720001,10.430366694000043],[123.80530961800002,10.431104732000051],[123.8054460620001,10.431658259000073],[123.80623061200004,10.432044050000059],[123.80607711300001,10.432413068000074],[123.80617944500011,10.432631123000021],[123.80725393800003,10.433469796000054],[123.80737332600006,10.433671077000042],[123.80725393800003,10.435180682000066],[123.80856720600002,10.435935482000048],[123.80875481600003,10.436807692000059],[123.80930059000002,10.43690833200003],[123.8124387900001,10.438602426000045],[123.81348983100008,10.439355120000073],[123.81401215400001,10.439514465000059],[123.81475832900003,10.439172713000062],[123.81505893100007,10.43973251500006],[123.81624641600001,10.440797606000046],[123.81720791600003,10.441139356000065],[123.81777714100008,10.441235801000062],[123.81829329100003,10.441003326000043],[123.81840606100002,10.440177002000041],[123.81863630900011,10.439795415000049],[123.8189539660001,10.43977654500003],[123.81934624100006,10.440749383000025],[123.82132467200006,10.441738991000022],[123.82224566500008,10.442946644000074],[123.82263794100004,10.442980190000071],[123.82285966100005,10.442829234000044],[123.82430937300012,10.443080828000063],[123.8256226420001,10.44391947300005],[123.82625369300001,10.44490907100004],[123.82628780400012,10.44579802900006],[123.82662891200005,10.446200575000034],[123.82719770100005,10.44646907200007]]]}},{"type":"Feature","properties":{"BGY_NAME":"Tagbao","PCODE":"PH0702217080","DISTRICT":"Cebu City (Capital)"},"geometry":{"type":"Polygon","coordinates":[[[123.85644142400008,10.47573453900003],[123.87330319600005,10.464770179000027],[123.85753511700011,10.450837604000071],[123.85418307200007,10.438926000000038],[123.85191563100011,10.438859421000075],[123.85180904600008,10.43832963400007],[123.85123181100005,10.438244487000077],[123.8423505290001,10.429783433000068],[123.82719770100005,10.44646907200007],[123.82790807000003,10.446552803000031],[123.82843678900008,10.446871484000042],[123.82937483800004,10.448498434000044],[123.83166026600009,10.44875002300006],[123.8323595390001,10.449219656000025],[123.83454263400006,10.451852941000027],[123.83515663000003,10.452121300000044],[123.83561712700009,10.452775424000038],[123.8358729580001,10.453597271000035],[123.83697303400004,10.45454490700007],[123.837318804,10.455081343000074],[123.83788896100009,10.45540713400004],[123.83809794800004,10.455379897000057],[123.83838579400003,10.454823539000074],[123.83868710500008,10.454754561000072],[123.85442472900002,10.473550334000038],[123.85644142400008,10.47573453900003]]]}},{"type":"Feature","properties":{"BGY_NAME":"Talamban","PCODE":"PH0702217081","DISTRICT":"Cebu City (Capital)"},"geometry":{"type":"Polygon","coordinates":[[[123.91831830000001,10.380123290000029],[123.9199251660001,10.380139199000041],[123.92066496100006,10.379908510000064],[123.92117406800003,10.378365282000061],[123.92115020300002,10.377116381000064],[123.92181585700007,10.375767091000057],[123.9228280850001,10.375173565000068],[123.92324308500008,10.37463914600005],[123.92369771000006,10.373849235000023],[123.92356698200001,10.373587779000047],[123.92366929100001,10.373047816000053],[123.92420357000003,10.372121352000022],[123.92538012200009,10.373059183000066],[123.92687907200002,10.37383796000006],[123.9265554540001,10.37215033900003],[123.92652319800004,10.371135129000038],[123.92679833000011,10.370802626000057],[123.9256699230001,10.369871904000036],[123.92583053500005,10.369762723000065],[123.92374341100003,10.367680413000073],[123.92398174000004,10.366936360000068],[123.92432470100005,10.366512018000037],[123.92450490100009,10.366407386000049],[123.9248943660001,10.36660502500007],[123.92531870800008,10.366355070000054],[123.92503387600004,10.36599467000002],[123.92519082400008,10.365442443000063],[123.92501062400004,10.364942533000033],[123.92521988900012,10.364349617000073],[123.9249815600001,10.363582313000052],[123.92534777300011,10.362582493000048],[123.92577062600003,10.36193750600006],[123.92221437600006,10.36096926700003],[123.92037133100007,10.359564173000024],[123.91906688800009,10.358135418000074],[123.9190797230001,10.357692589000067],[123.91547534800009,10.350275815000032],[123.91313052600003,10.35063391500006],[123.90887256500002,10.351673878000042],[123.90554648000011,10.354190274000075],[123.90389659700008,10.355751454000028],[123.90531585100007,10.357543263000025],[123.90661092100004,10.358217409000076],[123.90691148200006,10.36223588100006],[123.90751722800007,10.363793905000023],[123.90817561600011,10.366993257000047],[123.90762784300011,10.367600505000041],[123.90757706500005,10.368286010000077],[123.90716131900001,10.368371698000033],[123.90715860000012,10.369093888000066],[123.9049144060001,10.372767244000045],[123.90718634600012,10.373909819000062],[123.91051500200001,10.373817356000075],[123.9107923900001,10.373520155000051],[123.91008571100008,10.371261424000068],[123.91062898500002,10.37070447900004],[123.91212136000001,10.372135821000029],[123.91311317600002,10.371669968000049],[123.91335022400006,10.37182044900004],[123.91385987100011,10.372756074000051],[123.91436147700006,10.37404428900004],[123.9155527910001,10.376273015000038],[123.91641709200007,10.377279428000065],[123.91657635100012,10.377756113000032],[123.91776779600002,10.378424995000046],[123.91811833300005,10.379398483000045],[123.9179762440001,10.37988464600005],[123.91831830000001,10.380123290000029]]]}},{"type":"Feature","properties":{"BGY_NAME":"Taptap","PCODE":"PH0702217082","DISTRICT":"Cebu City (Capital)"},"geometry":{"type":"Polygon","coordinates":[[[123.85532150000006,10.432903926000051],[123.87087259000009,10.428014426000061],[123.86432245000003,10.420215007000024],[123.863628446,10.419067090000055],[123.86305643900005,10.41726021900007],[123.86250643800008,10.41665626400004],[123.86172143700003,10.41626029500003],[123.86061443400001,10.41527436900003],[123.86040842900002,10.413919465000049],[123.86042442300004,10.412552561000041],[123.85896641400007,10.410129737000034],[123.85449996000011,10.40530082400005],[123.85195191900004,10.407936458000052],[123.85145191200002,10.408759386000042],[123.84997272500004,10.409446896000077],[123.84987897300005,10.410728164000034],[123.84939980000001,10.412124017000053],[123.84941021700001,10.41297819600004],[123.84925396400001,10.413488620000066],[123.84845731700011,10.414630481000074],[123.83182935000002,10.414827568000021],[123.83214497400002,10.421443135000061],[123.8342547960001,10.423359401000027],[123.8423505290001,10.429783433000068],[123.85123181100005,10.438244487000077],[123.85180904600008,10.43832963400007],[123.85191563100011,10.438859421000075],[123.85418307200007,10.438926000000038],[123.85532150000006,10.432903926000051]]]}},{"type":"Feature","properties":{"BGY_NAME":"Tejero (Villa Gonzalo)","PCODE":"PH0702217083","DISTRICT":"Cebu City (Capital)"},"geometry":{"type":"Polygon","coordinates":[[[123.90682994300005,10.308093566000025],[123.90969296300011,10.306618596000021],[123.90989098500006,10.307137415000057],[123.91429223500006,10.30181121000004],[123.91168059400002,10.299607914000035],[123.91111952100005,10.298585978000062],[123.910095737,10.299192546000029],[123.91007480400003,10.300048529000037],[123.90645447300005,10.300481114000036],[123.90658841300001,10.301931449000051],[123.90617239100004,10.305039558000033],[123.90617129700001,10.306437929000026],[123.90682994300005,10.308093566000025]]]}},{"type":"Feature","properties":{"BGY_NAME":"Tinago","PCODE":"PH0702217084","DISTRICT":"Cebu City (Capital)"},"geometry":{"type":"Polygon","coordinates":[[[123.90655516700008,10.300473778000026],[123.91007480400003,10.300048529000037],[123.910095737,10.299192546000029],[123.91113887900008,10.29863610700005],[123.91054979500007,10.297676172000024],[123.91177479700002,10.297019103000025],[123.91166702600003,10.296759904000055],[123.91151375000004,10.296710605000044],[123.91040010200004,10.29740571800005],[123.90962539100008,10.295981641000026],[123.90779305100011,10.297216848000062],[123.90594336100003,10.297572557000024],[123.90611628600004,10.298388062000072],[123.90380723200008,10.298774146000028],[123.90392243800011,10.299496494000039],[123.9038266550001,10.300284488000045],[123.90643784400004,10.300264369000047],[123.90655516700008,10.300473778000026]]]}},{"type":"Feature","properties":{"BGY_NAME":"Tisa","PCODE":"PH0702217085","DISTRICT":"Cebu City (Capital)"},"geometry":{"type":"Polygon","coordinates":[[[123.86027343400008,10.31319729200004],[123.8618659010001,10.311271761000057],[123.86238678100005,10.31030422200007],[123.86672953400011,10.310234054000034],[123.86703241100008,10.309442276000027],[123.8676257410001,10.309547272000032],[123.86770726500004,10.309122153000033],[123.86890955400008,10.309558655000046],[123.8692001180001,10.309166024000035],[123.86985037200009,10.308981361000065],[123.86990017200003,10.307894696000062],[123.86960978400009,10.307391753000047],[123.8696756170001,10.306918949000021],[123.87071803000003,10.306347431000063],[123.87078561100009,10.306608744000073],[123.8712226350001,10.306730390000041],[123.87149579200002,10.306473549000032],[123.87257189000002,10.307103596000047],[123.87297891200001,10.307148201000075],[123.87290642800008,10.307376802000022],[123.87319193700012,10.307686568000065],[123.87495560700006,10.308127486000046],[123.87524809700005,10.308079465000048],[123.87551781600007,10.307619111000065],[123.87563920800005,10.306949721000024],[123.87509121000005,10.305732335000073],[123.8750946780001,10.305198210000071],[123.87557330900006,10.304511479000041],[123.87544844900003,10.304071000000022],[123.87571204300002,10.303311434000022],[123.87597216800009,10.302922980000062],[123.8764161150001,10.302759968000032],[123.87672373800001,10.302161907000027],[123.8766876950001,10.301941142000032],[123.87691296500009,10.301724883000077],[123.87697604100003,10.301504118000025],[123.87684087900004,10.30146807400007],[123.87675978100003,10.301116653000065],[123.87719680600003,10.30078325200003],[123.87683637300006,10.300440841000068],[123.87696595700004,10.30003219300005],[123.8776473470001,10.299386576000074],[123.87701658900005,10.299219876000052],[123.87688142700006,10.299012627000025],[123.87603891600008,10.298981089000051],[123.87558387000001,10.299179327000047],[123.87510181900007,10.298931544000027],[123.87466916500011,10.299013736000063],[123.8744509710001,10.298844048000035],[123.87431785000001,10.298422419000076],[123.87407906400006,10.298359343000072],[123.87362126100004,10.298698934000072],[123.87330084400003,10.298565730000064],[123.87273781100009,10.29791090200007],[123.8721567560001,10.297768147000056],[123.87141186200006,10.298426924000069],[123.8702539730001,10.298625162000064],[123.86838873400006,10.297480789000076],[123.86721282300005,10.297832210000024],[123.8664609860001,10.297491237000031],[123.86577050300002,10.297553829000037],[123.86481611800002,10.298610375000067],[123.86459404300001,10.298670941000069],[123.86445945100002,10.298435406000067],[123.86409605500012,10.298583456000074],[123.86391435600001,10.298744966000072],[123.86294726300002,10.301648285000056],[123.86059946900002,10.30382039400007],[123.8585790520001,10.30671112400006],[123.85625757200012,10.308771764000028],[123.85353184500002,10.31344660800005],[123.85706700200001,10.316580302000034],[123.86027343400008,10.31319729200004]]]}},{"type":"Feature","properties":{"BGY_NAME":"To-Ong Pardo","PCODE":"PH0702217086","DISTRICT":"Cebu City (Capital)"},"geometry":{"type":"Polygon","coordinates":[[[123.8210101300001,10.332486343000028],[123.83439658700001,10.330409487000054],[123.83803207000005,10.324643321000053],[123.84167173000003,10.315267423000023],[123.84256370300011,10.306891028000052],[123.84014531200012,10.305605778000029],[123.83866974700004,10.304230652000058],[123.8364150760001,10.303127824000057],[123.83473497500006,10.302377395000065],[123.82529932200009,10.298974650000048],[123.82330103700008,10.305257483000048],[123.8201933040001,10.313845350000065],[123.8210610320001,10.320054570000025],[123.82080816100006,10.321244549000028],[123.82027267000001,10.322114721000048],[123.82068916300011,10.323126204000062],[123.82021317100009,10.323579883000036],[123.82039910600008,10.323855066000021],[123.82031729500011,10.324516992000042],[123.81981899100003,10.325171480000051],[123.81647217500006,10.328072054000074],[123.8210101300001,10.332486343000028]]]}},{"type":"Feature","properties":{"BGY_NAME":"Zapatera","PCODE":"PH0702217087","DISTRICT":"Cebu City (Capital)"},"geometry":{"type":"Polygon","coordinates":[[[123.8998547870001,10.311523585000032],[123.90190532000008,10.31137953600006],[123.90396130400006,10.310672991000047],[123.90310199200007,10.307961384000066],[123.90256018200012,10.306784956000058],[123.90249284100003,10.30598791500006],[123.90292123100005,10.305707814000073],[123.90328920700006,10.30503227500003],[123.90325076200008,10.304609377000077],[123.90272900500008,10.30459839200006],[123.90272900500008,10.304444611000065],[123.90356533700003,10.30400714700005],[123.90226060100008,10.302046596000025],[123.90198911800007,10.302516249000064],[123.90183589800006,10.303749033000031],[123.90014009000004,10.30340232900005],[123.89973702900011,10.306648869000071],[123.89957940800002,10.30983085300005],[123.8998547870001,10.311523585000032]]]}},{"type":"Feature","properties":{"BGY_NAME":"Sudlon Ii","PCODE":"PH0702217088","DISTRICT":"Cebu City (Capital)"},"geometry":{"type":"Polygon","coordinates":[[[123.80487307600004,10.407059051000033],[123.81155741300006,10.392663167000023],[123.80615635800007,10.378497183000036],[123.8067698750001,10.378081008000038],[123.81140121500005,10.373780238000052],[123.80339788800006,10.365129705000072],[123.77007639200008,10.373240708000026],[123.76970678800001,10.386250587000063],[123.78505352200011,10.407699230000048],[123.80487307600004,10.407059051000033]]]}}]}